Id,name,image,length,width,height,price,detail
0,PAX,PAX_image1.png,250.0,60.0,2364.0,24800.0,"可搭配KOMPLEMENT內部配件，整齊收納物品
 提供10年品質保證；欲知更多細則，請參閱品質保證書
 可使用PAX系統衣櫃規劃軟體，依個人需求和喜好調整現有的PAX/KOMPLEMENT衣櫃組合
 鉸鏈附緩衝器，可和緩、安靜地關上櫃門
 可調式櫃腳，即使在不平整的地面，亦能穩固放置
 你可以用PAX系統衣櫃規劃設計軟體，輕鬆搭配適合的燈具；挑選燈具後，規劃設計軟體會提供相關配件資訊"
1,PAX,PAX_image2.png,1500.0,600.0,2364.0,20400.0," 你可以用PAX系統衣櫃規劃設計軟體，輕鬆搭配適合的燈具；挑選燈具後，規劃設計軟體會提供相關配件資訊
"
2,PAX,PAX_image3.png,1500.0,600.0,2364.0,18600.0," 你可以用PAX系統衣櫃規劃設計軟體，輕鬆搭配適合的燈具；挑選燈具後，規劃設計軟體會提供相關配件資訊
"
3,PAX,PAX_image4.png,200.0,60.0,2364.0,29300.0,"可使用PAX系統衣櫃規劃軟體，依個人需求和喜好調整現有的PAX/KOMPLEMENT衣櫃組合
 提供10年品質保證；欲知更多細則，請參閱品質保證書
 可搭配KOMPLEMENT內部配件，整齊收納物品
 可調式櫃腳，即使在不平整的地面，亦能穩固放置
 你可以用PAX系統衣櫃規劃設計軟體，輕鬆搭配適合的燈具；挑選燈具後，規劃設計軟體會提供相關配件資訊"
4,PAX,PAX_image5.png,1500.0,600.0,2364.0,22900.0," 你可以用PAX系統衣櫃規劃設計軟體，輕鬆搭配適合的燈具；挑選燈具後，規劃設計軟體會提供相關配件資訊
"
5,PAX,PAX_image6.png,300.0,60.0,2364.0,29700.0,"可使用PAX系統衣櫃規劃軟體，依個人需求和喜好調整現有的PAX/KOMPLEMENT衣櫃組合
 提供10年品質保證；欲知更多細則，請參閱品質保證書
 鉸鏈附緩衝器，可和緩、安靜地關上櫃門
 可搭配KOMPLEMENT內部配件，整齊收納物品
 可調式櫃腳，即使在不平整的地面，亦能穩固放置
 你可以用PAX系統衣櫃規劃設計軟體，輕鬆搭配適合的燈具；挑選燈具後，規劃設計軟體會提供相關配件資訊"
6,PAX,PAX_image7.png,3000.0,600.0,2012.0,21500.0,"可使用PAX系統衣櫃規劃軟體，依個人需求和喜好調整現有的PAX/KOMPLEMENT衣櫃組合
 提供10年品質保證；欲知更多細則，請參閱品質保證書
 鉸鏈附緩衝器，可和緩、安靜地關上櫃門
 可搭配KOMPLEMENT內部配件，整齊收納物品
 可調式櫃腳，即使在不平整的地面，亦能穩固放置"
7,PAX,PAX_image8.png,1000.0,600.0,2364.0,9500.0,"可使用PAX系統衣櫃規劃軟體，依個人需求和喜好調整現有的PAX/KOMPLEMENT衣櫃組合
 提供10年品質保證；欲知更多細則，請參閱品質保證書
 鉸鏈附緩衝器，可和緩、安靜地關上櫃門
 可搭配KOMPLEMENT內部配件，整齊收納物品
 可調式櫃腳，即使在不平整的地面，亦能穩固放置"
8,PAX,PAX_image9.png,2500.0,600.0,2012.0,26200.0," 你可以用PAX系統衣櫃規劃設計軟體，輕鬆搭配適合的燈具；挑選燈具後，規劃設計軟體會提供相關配件資訊
"
9,PAX,PAX_image10.png,1000.0,600.0,2012.0,11900.0,"可使用PAX系統衣櫃規劃軟體，依個人需求和喜好調整現有的PAX/KOMPLEMENT衣櫃組合
 提供10年品質保證；欲知更多細則，請參閱品質保證書
 鉸鏈附緩衝器，可和緩、安靜地關上櫃門
 可搭配KOMPLEMENT內部配件，整齊收納物品
 可調式櫃腳，即使在不平整的地面，亦能穩固放置
 你可以用PAX系統衣櫃規劃設計軟體，輕鬆搭配適合的燈具；挑選燈具後，規劃設計軟體會提供相關配件資訊"
10,PAX,PAX_image11.png,1000.0,380.0,2012.0,7900.0,"提供10年品質保證；欲知更多細則，請參閱品質保證書
 可使用PAX系統衣櫃規劃軟體，依個人需求和喜好調整現有的PAX/KOMPLEMENT衣櫃組合
 鉸鏈附緩衝器，可和緩、安靜地關上櫃門
 可搭配KOMPLEMENT內部配件，整齊收納物品
 可調式櫃腳，即使在不平整的地面，亦能穩固放置
 你可以用PAX系統衣櫃規劃設計軟體，輕鬆搭配適合的燈具；挑選燈具後，規劃設計軟體會提供相關配件資訊"
11,PAX,PAX_image12.png,1000.0,600.0,2364.0,11700.0,"提供10年品質保證；欲知更多細則，請參閱品質保證書
 可使用PAX系統衣櫃規劃軟體，依個人需求和喜好調整現有的PAX/KOMPLEMENT衣櫃組合
 鉸鏈附緩衝器，可和緩、安靜地關上櫃門
 櫃框深度較淺，適用於小空間
 可搭配KOMPLEMENT內部配件，整齊收納物品
 可調式櫃腳，即使在不平整的地面，亦能穩固放置
 你可以用PAX系統衣櫃規劃設計軟體，輕鬆搭配適合的燈具；挑選燈具後，規劃設計軟體會提供相關配件資訊"
12,PAX,PAX_image13.png,1500.0,600.0,2364.0,23600.0,"鉸鏈附緩衝器，可和緩、安靜地關上櫃門
 提供10年品質保證；欲知更多細則，請參閱品質保證書
 可使用PAX系統衣櫃規劃軟體，依個人需求和喜好調整現有的PAX/KOMPLEMENT衣櫃組合
 櫃框深度較淺，適用於小空間
 可搭配KOMPLEMENT內部配件，整齊收納物品
 可調式櫃腳，即使在不平整的地面，亦能穩固放置
 你可以用PAX系統衣櫃規劃設計軟體，輕鬆搭配適合的燈具；挑選燈具後，規劃設計軟體會提供相關配件資訊"
13,PAX,PAX_image14.png,75.0,60.0,2012.0,8000.0,"可使用PAX系統衣櫃規劃軟體，依個人需求和喜好調整現有的PAX/KOMPLEMENT衣櫃組合
 提供10年品質保證；欲知更多細則，請參閱品質保證書
 鉸鏈附緩衝器，可和緩、安靜地關上櫃門
 可搭配KOMPLEMENT內部配件，整齊收納物品
 可調式櫃腳，即使在不平整的地面，亦能穩固放置
 你可以用PAX系統衣櫃規劃設計軟體，輕鬆搭配適合的燈具；挑選燈具後，規劃設計軟體會提供相關配件資訊"
14,PAX,PAX_image15.png,75.0,60.0,2012.0,8000.0,"可使用PAX系統衣櫃規劃軟體，依個人需求和喜好調整現有的PAX/KOMPLEMENT衣櫃組合
 提供10年品質保證；欲知更多細則，請參閱品質保證書
 鉸鏈附緩衝器，可和緩、安靜地關上櫃門
 可搭配KOMPLEMENT內部配件，整齊收納物品
 可調式櫃腳，即使在不平整的地面，亦能穩固放置
 你可以用PAX系統衣櫃規劃設計軟體，輕鬆搭配適合的燈具；挑選燈具後，規劃設計軟體會提供相關配件資訊"
15,PAX,PAX_image16.png,150.0,66.0,2364.0,29100.0,"提供10年品質保證；欲知更多細則，請參閱品質保證書
 可使用PAX系統衣櫃規劃軟體，依個人需求和喜好調整現有的PAX/KOMPLEMENT衣櫃組合
 開啟時不佔空間，可提供更多家具擺放空間
 緩衝裝置可使門板和緩、安靜地關上
 可搭配KOMPLEMENT內部配件，整齊收納物品
 可調式櫃腳，即使在不平整的地面，亦能穩固放置
 你可以用PAX系統衣櫃規劃設計軟體，輕鬆搭配適合的燈具；挑選燈具後，規劃設計軟體會提供相關配件資訊"
16,PAX,PAX_image17.png,2000.0,600.0,2012.0,19600.0,"提供10年品質保證；欲知更多細則，請參閱品質保證書
 可使用PAX系統衣櫃規劃軟體，依個人需求和喜好調整現有的PAX/KOMPLEMENT衣櫃組合
 鉸鏈附緩衝器，可和緩、安靜地關上櫃門
 可搭配KOMPLEMENT內部配件，整齊收納物品
 可調式櫃腳，即使在不平整的地面，亦能穩固放置
 你可以用PAX系統衣櫃規劃設計軟體，輕鬆搭配適合的燈具；挑選燈具後，規劃設計軟體會提供相關配件資訊"
17,PAX,PAX_image18.png,2000.0,600.0,2364.0,23300.0,"鉸鏈附緩衝器，可和緩、安靜地關上櫃門
 提供10年品質保證；欲知更多細則，請參閱品質保證書
 可使用PAX系統衣櫃規劃軟體，依個人需求和喜好調整現有的PAX/KOMPLEMENT衣櫃組合
 櫃框深度較淺，適用於小空間
 可搭配KOMPLEMENT內部配件，整齊收納物品
 可調式櫃腳，即使在不平整的地面，亦能穩固放置"
18,PAX,PAX_image19.png,175.0,60.0,2012.0,21600.0,"可使用PAX系統衣櫃規劃軟體，依個人需求和喜好調整現有的PAX/KOMPLEMENT衣櫃組合
 提供10年品質保證；欲知更多細則，請參閱品質保證書
 鉸鏈附緩衝器，可和緩、安靜地關上櫃門
 可搭配KOMPLEMENT內部配件，整齊收納物品
 可調式櫃腳，即使在不平整的地面，亦能穩固放置
 你可以用PAX系統衣櫃規劃設計軟體，輕鬆搭配適合的燈具；挑選燈具後，規劃設計軟體會提供相關配件資訊"
19,PAX,PAX_image20.png,1000.0,380.0,2012.0,9000.0,"提供10年品質保證；欲知更多細則，請參閱品質保證書
 可使用PAX系統衣櫃規劃軟體，依個人需求和喜好調整現有的PAX/KOMPLEMENT衣櫃組合
 櫃框深度較淺，適用於小空間
 可搭配KOMPLEMENT內部配件，整齊收納物品
 可調式櫃腳，即使在不平整的地面，亦能穩固放置
 只要往外拉出，就能輕鬆拿取後面的衣物
 金屬材質，可抵擋回家時，身上和鞋子帶進來的灰塵和濕氣
 網眼設計，可避免小物品掉落，也能清楚看到收納物，方便拿取
 你可以用PAX系統衣櫃規劃設計軟體，輕鬆搭配適合的燈具；挑選燈具後，規劃設計軟體會提供相關配件資訊
 網籃可使空氣流通，適合收納包包、圍巾或配件"
20,PAX,PAX_image21.png,200.0,60.0,2012.0,25300.0,"可使用PAX系統衣櫃規劃軟體，依個人需求和喜好調整現有的PAX/KOMPLEMENT衣櫃組合
 提供10年品質保證；欲知更多細則，請參閱品質保證書
 可搭配KOMPLEMENT內部配件，整齊收納物品
 可調式櫃腳，即使在不平整的地面，亦能穩固放置
 你可以用PAX系統衣櫃規劃設計軟體，輕鬆搭配適合的燈具；挑選燈具後，規劃設計軟體會提供相關配件資訊"
21,PAX,PAX_image22.png,1500.0,600.0,2364.0,20400.0," 你可以用PAX系統衣櫃規劃設計軟體，輕鬆搭配適合的燈具；挑選燈具後，規劃設計軟體會提供相關配件資訊
"
22,PAX,PAX_image23.png,2000.0,600.0,2012.0,19600.0,"提供10年品質保證；欲知更多細則，請參閱品質保證書
 可使用PAX系統衣櫃規劃軟體，依個人需求和喜好調整現有的PAX/KOMPLEMENT衣櫃組合
 鉸鏈附緩衝器，可和緩、安靜地關上櫃門
 可搭配KOMPLEMENT內部配件，整齊收納物品
 可調式櫃腳，即使在不平整的地面，亦能穩固放置
 你可以用PAX系統衣櫃規劃設計軟體，輕鬆搭配適合的燈具；挑選燈具後，規劃設計軟體會提供相關配件資訊"
23,PAX,PAX_image24.png,75.0,60.0,2364.0,9800.0,"提供10年品質保證；欲知更多細則，請參閱品質保證書
 可使用PAX系統衣櫃規劃軟體，依個人需求和喜好調整現有的PAX/KOMPLEMENT衣櫃組合
 鉸鏈附緩衝器，可和緩、安靜地關上櫃門
 可搭配KOMPLEMENT內部配件，整齊收納物品
 可調式櫃腳，即使在不平整的地面，亦能穩固放置
 你可以用PAX系統衣櫃規劃設計軟體，輕鬆搭配適合的燈具；挑選燈具後，規劃設計軟體會提供相關配件資訊"
24,PAX,PAX_image25.png,200.0,60.0,2012.0,27200.0,"鉸鏈附緩衝器，可和緩、安靜地關上櫃門
 提供10年品質保證；欲知更多細則，請參閱品質保證書
 可使用PAX系統衣櫃規劃軟體，依個人需求和喜好調整現有的PAX/KOMPLEMENT衣櫃組合
 可搭配KOMPLEMENT內部配件，整齊收納物品
 可調式櫃腳，即使在不平整的地面，亦能穩固放置"
25,PAX,PAX_image26.png,1500.0,600.0,2012.0,15300.0," 你可以用PAX系統衣櫃規劃設計軟體，輕鬆搭配適合的燈具；挑選燈具後，規劃設計軟體會提供相關配件資訊
"
26,PAX,PAX_image27.png,1500.0,600.0,2012.0,11900.0," 你可以用PAX系統衣櫃規劃設計軟體，輕鬆搭配適合的燈具；挑選燈具後，規劃設計軟體會提供相關配件資訊
"
27,PAX,PAX_image28.png,150.0,60.0,2364.0,20900.0,"可使用PAX系統衣櫃規劃軟體，依個人需求和喜好調整現有的PAX/KOMPLEMENT衣櫃組合
 提供10年品質保證；欲知更多細則，請參閱品質保證書
 鉸鏈附緩衝器，可和緩、安靜地關上櫃門
 可搭配KOMPLEMENT內部配件，整齊收納物品
 可調式櫃腳，即使在不平整的地面，亦能穩固放置"
28,PAX,PAX_image29.png,3000.0,600.0,2364.0,27300.0,"鉸鏈附緩衝器，可和緩、安靜地關上櫃門
 提供10年品質保證；欲知更多細則，請參閱品質保證書
 可使用PAX系統衣櫃規劃軟體，依個人需求和喜好調整現有的PAX/KOMPLEMENT衣櫃組合
 櫃框深度較淺，適用於小空間
 可搭配KOMPLEMENT內部配件，整齊收納物品
 可調式櫃腳，即使在不平整的地面，亦能穩固放置"
29,PAX,PAX_image30.png,200.0,60.0,2012.0,17400.0,"鉸鏈附緩衝器，可和緩、安靜地關上櫃門
 提供10年品質保證；欲知更多細則，請參閱品質保證書
 可使用PAX系統衣櫃規劃軟體，依個人需求和喜好調整現有的PAX/KOMPLEMENT衣櫃組合
 可搭配KOMPLEMENT內部配件，整齊收納物品
 可調式櫃腳，即使在不平整的地面，亦能穩固放置
 你可以用PAX系統衣櫃規劃設計軟體，輕鬆搭配適合的燈具；挑選燈具後，規劃設計軟體會提供相關配件資訊"
30,PAX,PAX_image31.png,150.0,66.0,2364.0,23200.0,"提供10年品質保證；欲知更多細則，請參閱品質保證書
 可使用PAX系統衣櫃規劃軟體，依個人需求和喜好調整現有的PAX/KOMPLEMENT衣櫃組合
 開啟時不佔空間，可提供更多家具擺放空間
 緩衝裝置可使門板和緩、安靜地關上
 可搭配KOMPLEMENT內部配件，整齊收納物品
 可調式櫃腳，即使在不平整的地面，亦能穩固放置"
31,PAX,PAX_image32.png,300.0,60.0,2012.0,24300.0,"可使用PAX系統衣櫃規劃軟體，依個人需求和喜好調整現有的PAX/KOMPLEMENT衣櫃組合
 提供10年品質保證；欲知更多細則，請參閱品質保證書
 鉸鏈附緩衝器，可和緩、安靜地關上櫃門
 可搭配KOMPLEMENT內部配件，整齊收納物品
 可調式櫃腳，即使在不平整的地面，亦能穩固放置
 你可以用PAX系統衣櫃規劃設計軟體，輕鬆搭配適合的燈具；挑選燈具後，規劃設計軟體會提供相關配件資訊"
32,PAX,PAX_image33.png,150.0,66.0,2364.0,18800.0,"可使用PAX系統衣櫃規劃軟體，依個人需求和喜好調整現有的PAX/KOMPLEMENT衣櫃組合
 提供10年品質保證；欲知更多細則，請參閱品質保證書
 開啟時不佔空間，可提供更多家具擺放空間
 可搭配KOMPLEMENT內部配件，整齊收納物品
 可調式櫃腳，即使在不平整的地面，亦能穩固放置
 你可以用PAX系統衣櫃規劃設計軟體，輕鬆搭配適合的燈具；挑選燈具後，規劃設計軟體會提供相關配件資訊"
33,PAX,PAX_image34.png,150.0,60.0,2012.0,14900.0,"可搭配KOMPLEMENT內部配件，整齊收納物品
 提供10年品質保證；欲知更多細則，請參閱品質保證書
 可使用PAX系統衣櫃規劃軟體，依個人需求和喜好調整現有的PAX/KOMPLEMENT衣櫃組合
 鉸鏈附緩衝器，可和緩、安靜地關上櫃門
 可調式櫃腳，即使在不平整的地面，亦能穩固放置
 你可以用PAX系統衣櫃規劃設計軟體，輕鬆搭配適合的燈具；挑選燈具後，規劃設計軟體會提供相關配件資訊"
34,PAX,PAX_image35.png,300.0,60.0,2364.0,52200.0,"可使用PAX系統衣櫃規劃軟體，依個人需求和喜好調整現有的PAX/KOMPLEMENT衣櫃組合
 提供10年品質保證；欲知更多細則，請參閱品質保證書
 鉸鏈附緩衝器，可和緩、安靜地關上櫃門
 可搭配KOMPLEMENT內部配件，整齊收納物品
 可調式櫃腳，即使在不平整的地面，亦能穩固放置
 你可以用PAX系統衣櫃規劃設計軟體，輕鬆搭配適合的燈具；挑選燈具後，規劃設計軟體會提供相關配件資訊"
35,PAX,PAX_image36.png,175.0,60.0,2364.0,25800.0,"可使用PAX系統衣櫃規劃軟體，依個人需求和喜好調整現有的PAX/KOMPLEMENT衣櫃組合
 提供10年品質保證；欲知更多細則，請參閱品質保證書
 鉸鏈附緩衝器，可和緩、安靜地關上櫃門
 可搭配KOMPLEMENT內部配件，整齊收納物品
 可調式櫃腳，即使在不平整的地面，亦能穩固放置
 你可以用PAX系統衣櫃規劃設計軟體，輕鬆搭配適合的燈具；挑選燈具後，規劃設計軟體會提供相關配件資訊"
36,PAX,PAX_image37.png,1000.0,600.0,2012.0,7200.0,"提供10年品質保證；欲知更多細則，請參閱品質保證書
 可使用PAX系統衣櫃規劃軟體，依個人需求和喜好調整現有的PAX/KOMPLEMENT衣櫃組合
 鉸鏈附緩衝器，可和緩、安靜地關上櫃門
 可搭配KOMPLEMENT內部配件，整齊收納物品
 可調式櫃腳，即使在不平整的地面，亦能穩固放置
 你可以用PAX系統衣櫃規劃設計軟體，輕鬆搭配適合的燈具；挑選燈具後，規劃設計軟體會提供相關配件資訊"
37,PAX,PAX_image38.png,200.0,60.0,2364.0,22200.0,"可使用PAX系統衣櫃規劃軟體，依個人需求和喜好調整現有的PAX/KOMPLEMENT衣櫃組合
 提供10年品質保證；欲知更多細則，請參閱品質保證書
 鉸鏈附緩衝器，可和緩、安靜地關上櫃門
 櫃框深度較淺，適用於小空間
 可搭配KOMPLEMENT內部配件，整齊收納物品
 可調式櫃腳，即使在不平整的地面，亦能穩固放置
 你可以用PAX系統衣櫃規劃設計軟體，輕鬆搭配適合的燈具；挑選燈具後，規劃設計軟體會提供相關配件資訊"
38,PAX,PAX_image39.png,150.0,60.0,2364.0,18000.0,"可使用PAX系統衣櫃規劃軟體，依個人需求和喜好調整現有的PAX/KOMPLEMENT衣櫃組合
 提供10年品質保證；欲知更多細則，請參閱品質保證書
 鉸鏈附緩衝器，可和緩、安靜地關上櫃門
 可搭配KOMPLEMENT內部配件，整齊收納物品
 可調式櫃腳，即使在不平整的地面，亦能穩固放置
 你可以用PAX系統衣櫃規劃設計軟體，輕鬆搭配適合的燈具；挑選燈具後，規劃設計軟體會提供相關配件資訊"
39,PAX,PAX_image40.png,50.0,60.0,2012.0,6800.0,"可使用PAX系統衣櫃規劃軟體，依個人需求和喜好調整現有的PAX/KOMPLEMENT衣櫃組合
 提供10年品質保證；欲知更多細則，請參閱品質保證書
 鉸鏈附緩衝器，可和緩、安靜地關上櫃門
 可搭配KOMPLEMENT內部配件，整齊收納物品
 可調式櫃腳，即使在不平整的地面，亦能穩固放置"
40,PAX,PAX_image41.png,1000.0,600.0,2364.0,9500.0,"可使用PAX系統衣櫃規劃軟體，依個人需求和喜好調整現有的PAX/KOMPLEMENT衣櫃組合
 提供10年品質保證；欲知更多細則，請參閱品質保證書
 鉸鏈附緩衝器，可和緩、安靜地關上櫃門
 可搭配KOMPLEMENT內部配件，整齊收納物品
 可調式櫃腳，即使在不平整的地面，亦能穩固放置"
41,PAX,PAX_image42.png,1000.0,600.0,2364.0,13600.0,"可使用PAX系統衣櫃規劃軟體，依個人需求和喜好調整現有的PAX/KOMPLEMENT衣櫃組合
 提供10年品質保證；欲知更多細則，請參閱品質保證書
 鉸鏈附緩衝器，可和緩、安靜地關上櫃門
 可搭配KOMPLEMENT內部配件，整齊收納物品
 可調式櫃腳，即使在不平整的地面，亦能穩固放置"
42,PAX,PAX_image43.png,100.0,60.0,2364.0,8500.0,"可使用PAX系統衣櫃規劃軟體，依個人需求和喜好調整現有的PAX/KOMPLEMENT衣櫃組合
 提供10年品質保證；欲知更多細則，請參閱品質保證書
 可搭配KOMPLEMENT內部配件，整齊收納物品
 可調式櫃腳，即使在不平整的地面，亦能穩固放置
 你可以用PAX系統衣櫃規劃設計軟體，輕鬆搭配適合的燈具；挑選燈具後，規劃設計軟體會提供相關配件資訊"
43,PAX,PAX_image44.png,200.0,60.0,2012.0,18600.0,"可使用PAX系統衣櫃規劃軟體，依個人需求和喜好調整現有的PAX/KOMPLEMENT衣櫃組合
 提供10年品質保證；欲知更多細則，請參閱品質保證書
 鉸鏈附緩衝器，可和緩、安靜地關上櫃門
 可搭配KOMPLEMENT內部配件，整齊收納物品
 你可以用PAX系統衣櫃規劃設計軟體，輕鬆搭配適合的燈具；挑選燈具後，規劃設計軟體會提供相關配件資訊
 可調式櫃腳，即使在不平整的地面，亦能穩固放置"
44,PAX,PAX_image45.png,150.0,66.0,2012.0,15600.0,"可使用PAX系統衣櫃規劃軟體，依個人需求和喜好調整現有的PAX/KOMPLEMENT衣櫃組合
 提供10年品質保證；欲知更多細則，請參閱品質保證書
 開啟時不佔空間，可提供更多家具擺放空間
 可搭配KOMPLEMENT內部配件，整齊收納物品
 可調式櫃腳，即使在不平整的地面，亦能穩固放置
 你可以用PAX系統衣櫃規劃設計軟體，輕鬆搭配適合的燈具；挑選燈具後，規劃設計軟體會提供相關配件資訊"
45,PAX,PAX_image46.png,300.0,60.0,2012.0,44200.0,"可使用PAX系統衣櫃規劃軟體，依個人需求和喜好調整現有的PAX/KOMPLEMENT衣櫃組合
 提供10年品質保證；欲知更多細則，請參閱品質保證書
 鉸鏈附緩衝器，可和緩、安靜地關上櫃門
 可搭配KOMPLEMENT內部配件，整齊收納物品
 可調式櫃腳，即使在不平整的地面，亦能穩固放置
 你可以用PAX系統衣櫃規劃設計軟體，輕鬆搭配適合的燈具；挑選燈具後，規劃設計軟體會提供相關配件資訊"
46,PAX,PAX_image47.png,100.0,60.0,2364.0,14100.0,"可使用PAX系統衣櫃規劃軟體，依個人需求和喜好調整現有的PAX/KOMPLEMENT衣櫃組合
 提供10年品質保證；欲知更多細則，請參閱品質保證書
 鉸鏈附緩衝器，可和緩、安靜地關上櫃門
 可搭配KOMPLEMENT內部配件，整齊收納物品
 可調式櫃腳，即使在不平整的地面，亦能穩固放置
 你可以用PAX系統衣櫃規劃設計軟體，輕鬆搭配適合的燈具；挑選燈具後，規劃設計軟體會提供相關配件資訊"
47,PAX,PAX_image48.png,1500.0,600.0,2364.0,19100.0,"可使用PAX系統衣櫃規劃軟體，依個人需求和喜好調整現有的PAX/KOMPLEMENT衣櫃組合
 提供10年品質保證；欲知更多細則，請參閱品質保證書
 鉸鏈附緩衝器，可和緩、安靜地關上櫃門
 可搭配KOMPLEMENT內部配件，整齊收納物品
 可調式櫃腳，即使在不平整的地面，亦能穩固放置"
48,PAX_MARNARDAL,PAX_MARNARDAL_image49.png,150.0,60.0,2364.0,18300.0,"可使用PAX系統衣櫃規劃軟體，依個人需求和喜好調整現有的PAX/KOMPLEMENT衣櫃組合
 提供10年品質保證；欲知更多細則，請參閱品質保證書
 鉸鏈附緩衝器，可和緩、安靜地關上櫃門
 櫃框深度較淺，適用於小空間
 可搭配KOMPLEMENT內部配件，整齊收納物品
 可調式櫃腳，即使在不平整的地面，亦能穩固放置
 你可以用PAX系統衣櫃規劃設計軟體，輕鬆搭配適合的燈具；挑選燈具後，規劃設計軟體會提供相關配件資訊"
49,PAX,PAX_image50.png,2500.0,600.0,2012.0,26200.0," 你可以用PAX系統衣櫃規劃設計軟體，輕鬆搭配適合的燈具；挑選燈具後，規劃設計軟體會提供相關配件資訊
"
50,PAX,PAX_image51.png,1000.0,380.0,2012.0,9000.0,"提供10年品質保證；欲知更多細則，請參閱品質保證書
 可使用PAX系統衣櫃規劃軟體，依個人需求和喜好調整現有的PAX/KOMPLEMENT衣櫃組合
 櫃框深度較淺，適用於小空間
 可搭配KOMPLEMENT內部配件，整齊收納物品
 可調式櫃腳，即使在不平整的地面，亦能穩固放置
 只要往外拉出，就能輕鬆拿取後面的衣物
 金屬材質，可抵擋回家時，身上和鞋子帶進來的灰塵和濕氣
 網眼設計，可避免小物品掉落，也能清楚看到收納物，方便拿取
 你可以用PAX系統衣櫃規劃設計軟體，輕鬆搭配適合的燈具；挑選燈具後，規劃設計軟體會提供相關配件資訊
 網籃可使空氣流通，適合收納包包、圍巾或配件"
51,PAX,PAX_image52.png,1500.0,600.0,2364.0,20400.0," 你可以用PAX系統衣櫃規劃設計軟體，輕鬆搭配適合的燈具；挑選燈具後，規劃設計軟體會提供相關配件資訊
"
52,PAX,PAX_image53.png,200.0,60.0,2012.0,25300.0,"可使用PAX系統衣櫃規劃軟體，依個人需求和喜好調整現有的PAX/KOMPLEMENT衣櫃組合
 提供10年品質保證；欲知更多細則，請參閱品質保證書
 可搭配KOMPLEMENT內部配件，整齊收納物品
 可調式櫃腳，即使在不平整的地面，亦能穩固放置
 你可以用PAX系統衣櫃規劃設計軟體，輕鬆搭配適合的燈具；挑選燈具後，規劃設計軟體會提供相關配件資訊"
53,PAX,PAX_image54.png,150.0,66.0,2364.0,23200.0,"提供10年品質保證；欲知更多細則，請參閱品質保證書
 可使用PAX系統衣櫃規劃軟體，依個人需求和喜好調整現有的PAX/KOMPLEMENT衣櫃組合
 開啟時不佔空間，可提供更多家具擺放空間
 緩衝裝置可使門板和緩、安靜地關上
 可搭配KOMPLEMENT內部配件，整齊收納物品
 可調式櫃腳，即使在不平整的地面，亦能穩固放置"
54,PAX,PAX_image55.png,1000.0,600.0,2012.0,11900.0,"可使用PAX系統衣櫃規劃軟體，依個人需求和喜好調整現有的PAX/KOMPLEMENT衣櫃組合
 提供10年品質保證；欲知更多細則，請參閱品質保證書
 鉸鏈附緩衝器，可和緩、安靜地關上櫃門
 可搭配KOMPLEMENT內部配件，整齊收納物品
 可調式櫃腳，即使在不平整的地面，亦能穩固放置
 你可以用PAX系統衣櫃規劃設計軟體，輕鬆搭配適合的燈具；挑選燈具後，規劃設計軟體會提供相關配件資訊"
55,PAX,PAX_image56.png,200.0,60.0,2364.0,29300.0,"可使用PAX系統衣櫃規劃軟體，依個人需求和喜好調整現有的PAX/KOMPLEMENT衣櫃組合
 提供10年品質保證；欲知更多細則，請參閱品質保證書
 可搭配KOMPLEMENT內部配件，整齊收納物品
 可調式櫃腳，即使在不平整的地面，亦能穩固放置
 你可以用PAX系統衣櫃規劃設計軟體，輕鬆搭配適合的燈具；挑選燈具後，規劃設計軟體會提供相關配件資訊"
56,PAX,PAX_image57.png,2000.0,600.0,2012.0,19600.0,"提供10年品質保證；欲知更多細則，請參閱品質保證書
 可使用PAX系統衣櫃規劃軟體，依個人需求和喜好調整現有的PAX/KOMPLEMENT衣櫃組合
 鉸鏈附緩衝器，可和緩、安靜地關上櫃門
 可搭配KOMPLEMENT內部配件，整齊收納物品
 可調式櫃腳，即使在不平整的地面，亦能穩固放置
 你可以用PAX系統衣櫃規劃設計軟體，輕鬆搭配適合的燈具；挑選燈具後，規劃設計軟體會提供相關配件資訊"
57,PAX,PAX_image58.png,250.0,60.0,2364.0,24800.0,"可搭配KOMPLEMENT內部配件，整齊收納物品
 提供10年品質保證；欲知更多細則，請參閱品質保證書
 可使用PAX系統衣櫃規劃軟體，依個人需求和喜好調整現有的PAX/KOMPLEMENT衣櫃組合
 鉸鏈附緩衝器，可和緩、安靜地關上櫃門
 可調式櫃腳，即使在不平整的地面，亦能穩固放置
 你可以用PAX系統衣櫃規劃設計軟體，輕鬆搭配適合的燈具；挑選燈具後，規劃設計軟體會提供相關配件資訊"
58,PAX,PAX_image59.png,75.0,60.0,2364.0,9800.0,"提供10年品質保證；欲知更多細則，請參閱品質保證書
 可使用PAX系統衣櫃規劃軟體，依個人需求和喜好調整現有的PAX/KOMPLEMENT衣櫃組合
 鉸鏈附緩衝器，可和緩、安靜地關上櫃門
 可搭配KOMPLEMENT內部配件，整齊收納物品
 可調式櫃腳，即使在不平整的地面，亦能穩固放置
 你可以用PAX系統衣櫃規劃設計軟體，輕鬆搭配適合的燈具；挑選燈具後，規劃設計軟體會提供相關配件資訊"
59,PAX,PAX_image60.png,175.0,60.0,2012.0,21600.0,"可使用PAX系統衣櫃規劃軟體，依個人需求和喜好調整現有的PAX/KOMPLEMENT衣櫃組合
 提供10年品質保證；欲知更多細則，請參閱品質保證書
 鉸鏈附緩衝器，可和緩、安靜地關上櫃門
 可搭配KOMPLEMENT內部配件，整齊收納物品
 可調式櫃腳，即使在不平整的地面，亦能穩固放置
 你可以用PAX系統衣櫃規劃設計軟體，輕鬆搭配適合的燈具；挑選燈具後，規劃設計軟體會提供相關配件資訊"
60,PAX,PAX_image61.png,1500.0,600.0,2012.0,15300.0," 你可以用PAX系統衣櫃規劃設計軟體，輕鬆搭配適合的燈具；挑選燈具後，規劃設計軟體會提供相關配件資訊
"
61,PAX,PAX_image62.png,1500.0,600.0,2364.0,22900.0," 你可以用PAX系統衣櫃規劃設計軟體，輕鬆搭配適合的燈具；挑選燈具後，規劃設計軟體會提供相關配件資訊
"
62,PAX,PAX_image63.png,1500.0,600.0,2364.0,11900.0," 你可以用PAX系統衣櫃規劃設計軟體，輕鬆搭配適合的燈具；挑選燈具後，規劃設計軟體會提供相關配件資訊
"
63,PAX,PAX_image64.png,200.0,60.0,2012.0,17400.0,"鉸鏈附緩衝器，可和緩、安靜地關上櫃門
 提供10年品質保證；欲知更多細則，請參閱品質保證書
 可使用PAX系統衣櫃規劃軟體，依個人需求和喜好調整現有的PAX/KOMPLEMENT衣櫃組合
 可搭配KOMPLEMENT內部配件，整齊收納物品
 可調式櫃腳，即使在不平整的地面，亦能穩固放置
 你可以用PAX系統衣櫃規劃設計軟體，輕鬆搭配適合的燈具；挑選燈具後，規劃設計軟體會提供相關配件資訊"
64,PAX,PAX_image65.png,75.0,60.0,2012.0,8000.0,"可使用PAX系統衣櫃規劃軟體，依個人需求和喜好調整現有的PAX/KOMPLEMENT衣櫃組合
 提供10年品質保證；欲知更多細則，請參閱品質保證書
 鉸鏈附緩衝器，可和緩、安靜地關上櫃門
 可搭配KOMPLEMENT內部配件，整齊收納物品
 可調式櫃腳，即使在不平整的地面，亦能穩固放置
 你可以用PAX系統衣櫃規劃設計軟體，輕鬆搭配適合的燈具；挑選燈具後，規劃設計軟體會提供相關配件資訊"
65,PAX,PAX_image66.png,300.0,60.0,2364.0,29700.0,"可使用PAX系統衣櫃規劃軟體，依個人需求和喜好調整現有的PAX/KOMPLEMENT衣櫃組合
 提供10年品質保證；欲知更多細則，請參閱品質保證書
 鉸鏈附緩衝器，可和緩、安靜地關上櫃門
 可搭配KOMPLEMENT內部配件，整齊收納物品
 可調式櫃腳，即使在不平整的地面，亦能穩固放置
 你可以用PAX系統衣櫃規劃設計軟體，輕鬆搭配適合的燈具；挑選燈具後，規劃設計軟體會提供相關配件資訊"
66,PAX,PAX_image67.png,150.0,60.0,2364.0,20900.0,"可使用PAX系統衣櫃規劃軟體，依個人需求和喜好調整現有的PAX/KOMPLEMENT衣櫃組合
 提供10年品質保證；欲知更多細則，請參閱品質保證書
 鉸鏈附緩衝器，可和緩、安靜地關上櫃門
 可搭配KOMPLEMENT內部配件，整齊收納物品
 可調式櫃腳，即使在不平整的地面，亦能穩固放置"
67,PAX,PAX_image68.png,1500.0,600.0,2364.0,20400.0," 你可以用PAX系統衣櫃規劃設計軟體，輕鬆搭配適合的燈具；挑選燈具後，規劃設計軟體會提供相關配件資訊
"
68,PAX,PAX_image69.png,150.0,66.0,2364.0,20400.0,"可使用PAX系統衣櫃規劃軟體，依個人需求和喜好調整現有的PAX/KOMPLEMENT衣櫃組合
 提供10年品質保證；欲知更多細則，請參閱品質保證書
 開啟時不佔空間，可提供更多家具擺放空間
 可搭配KOMPLEMENT內部配件，整齊收納物品
 可調式櫃腳，即使在不平整的地面，亦能穩固放置
 你可以用PAX系統衣櫃規劃設計軟體，輕鬆搭配適合的燈具；挑選燈具後，規劃設計軟體會提供相關配件資訊"
69,PAX,PAX_image70.png,1000.0,600.0,2012.0,14200.0," 你可以用PAX系統衣櫃規劃設計軟體，輕鬆搭配適合的燈具；挑選燈具後，規劃設計軟體會提供相關配件資訊
"
70,PAX,PAX_image71.png,200.0,60.0,2364.0,34700.0,"可使用PAX系統衣櫃規劃軟體，依個人需求和喜好調整現有的PAX/KOMPLEMENT衣櫃組合
 提供10年品質保證；欲知更多細則，請參閱品質保證書
 鉸鏈附緩衝器，可和緩、安靜地關上櫃門
 可搭配KOMPLEMENT內部配件，整齊收納物品
 可調式櫃腳，即使在不平整的地面，亦能穩固放置
 容易安裝，卡入支撐架即可
 3D列印抽象圖案，在深色無光澤箔皮上更加顯著；隨著不同角度的燈光照射，呈現出有趣的光影效果
 有效運用衣櫃空間，將短版衣物掛在隔板上方，將洋裝等長版衣物掛在旁邊，你可以在隔板內側安裝抽屜、層板和其他內部配件
 門可安裝為左開或右開
 可讓空氣流通，適合收納摺好的衣物、襪子或飾品
 適合收納T恤等衣物，也可搭配KOMPLEMENT隔板或鞋架
 環式吊桿設計，可掛置更多褲子
 你可以用PAX系統衣櫃規劃設計軟體，輕鬆搭配適合的燈具；挑選燈具後，規劃設計軟體會提供相關配件資訊
 可拉出，方便找到和拿取褲子"
71,PAX,PAX_image72.png,250.0,60.0,2012.0,20200.0,"提供10年品質保證；欲知更多細則，請參閱品質保證書
 可使用PAX系統衣櫃規劃軟體，依個人需求和喜好調整現有的PAX/KOMPLEMENT衣櫃組合
 可搭配KOMPLEMENT內部配件，整齊收納物品
 鉸鏈附緩衝器，可和緩、安靜地關上櫃門
 可調式櫃腳，即使在不平整的地面，亦能穩固放置
 你可以用PAX系統衣櫃規劃設計軟體，輕鬆搭配適合的燈具；挑選燈具後，規劃設計軟體會提供相關配件資訊"
72,PAX,PAX_image73.png,150.0,60.0,2364.0,23600.0,"可使用PAX系統衣櫃規劃軟體，依個人需求和喜好調整現有的PAX/KOMPLEMENT衣櫃組合
 提供10年品質保證；欲知更多細則，請參閱品質保證書
 你可以用PAX系統衣櫃規劃設計軟體，輕鬆搭配適合的燈具；挑選燈具後，規劃設計軟體會提供相關配件資訊
 鉸鏈附緩衝器，可和緩、安靜地關上櫃門
 可搭配KOMPLEMENT內部配件，整齊收納物品
 可調式櫃腳，即使在不平整的地面，亦能穩固放置"
73,PAX,PAX_image74.png,2500.0,600.0,2012.0,47800.0,"鉸鏈附緩衝器，可和緩、安靜地關上櫃門
 3D列印抽象圖案，在深色無光澤箔皮上更加顯著；隨著不同角度的燈光照射，呈現出有趣的光影效果
 提供10年品質保證；欲知更多細則，請參閱品質保證書
 可搭配KOMPLEMENT內部配件，整齊收納物品
 門可安裝為左開或右開
 可調式櫃腳，即使在不平整的地面，亦能穩固放置
 每個配件都有自己的位置，且搭配不同大小的收納盤；你可以擺放儲物格，使較大的收納盤置於後方，方便拿取物品
 附軟質毛氈墊，可保護和整齊收納物品
 容易安裝，卡入支撐架即可
 可清楚看到收納物，為衣櫃增添明亮、通風的風格效果
 環式吊桿設計，可掛置更多褲子
 你可以用PAX系統衣櫃規劃設計軟體，輕鬆搭配適合的燈具；挑選燈具後，規劃設計軟體會提供相關配件資訊
 可拉出，方便找到和拿取褲子"
74,PAX,PAX_image75.png,1000.0,380.0,2364.0,12200.0," 你可以用PAX系統衣櫃規劃設計軟體，輕鬆搭配適合的燈具；挑選燈具後，規劃設計軟體會提供相關配件資訊
"
75,PAX,PAX_image76.png,1500.0,600.0,2012.0,19800.0,"鉸鏈附緩衝器，可和緩、安靜地關上櫃門
 提供10年品質保證；欲知更多細則，請參閱品質保證書
 可使用PAX系統衣櫃規劃軟體，依個人需求和喜好調整現有的PAX/KOMPLEMENT衣櫃組合
 可搭配KOMPLEMENT內部配件，整齊收納物品
 可調式櫃腳，即使在不平整的地面，亦能穩固放置
 你可以用PAX系統衣櫃規劃設計軟體，輕鬆搭配適合的燈具；挑選燈具後，規劃設計軟體會提供相關配件資訊"
76,PAX,PAX_image77.png,150.0,60.0,2012.0,15100.0,"鉸鏈附緩衝器，可和緩、安靜地關上櫃門
 提供10年品質保證；欲知更多細則，請參閱品質保證書
 可使用PAX系統衣櫃規劃軟體，依個人需求和喜好調整現有的PAX/KOMPLEMENT衣櫃組合
 可搭配KOMPLEMENT內部配件，整齊收納物品
 可調式櫃腳，即使在不平整的地面，亦能穩固放置
 你可以用PAX系統衣櫃規劃設計軟體，輕鬆搭配適合的燈具；挑選燈具後，規劃設計軟體會提供相關配件資訊"
77,PAX,PAX_image78.png,150.0,60.0,2364.0,18500.0,"可使用PAX系統衣櫃規劃軟體，依個人需求和喜好調整現有的PAX/KOMPLEMENT衣櫃組合
 提供10年品質保證；欲知更多細則，請參閱品質保證書
 鉸鏈附緩衝器，可和緩、安靜地關上櫃門
 可搭配KOMPLEMENT內部配件，整齊收納物品
 可調式櫃腳，即使在不平整的地面，亦能穩固放置
 你可以用PAX系統衣櫃規劃設計軟體，輕鬆搭配適合的燈具；挑選燈具後，規劃設計軟體會提供相關配件資訊"
78,PAX,PAX_image79.png,250.0,60.0,2364.0,43200.0,"可使用PAX系統衣櫃規劃軟體，依個人需求和喜好調整現有的PAX/KOMPLEMENT衣櫃組合
 提供10年品質保證；欲知更多細則，請參閱品質保證書
 鉸鏈附緩衝器，可和緩、安靜地關上櫃門
 無光澤白色箔皮表面，有鋸齒形圖案，依不同的燈光和角度，呈現純白色或條紋圖案
 可搭配KOMPLEMENT內部配件，整齊收納物品
 你可以用PAX系統衣櫃規劃設計軟體，輕鬆搭配適合的燈具；挑選燈具後，規劃設計軟體會提供相關配件資訊
 可調式櫃腳，即使在不平整的地面，亦能穩固放置"
79,PAX,PAX_image80.png,150.0,60.0,2364.0,22800.0,"提供10年品質保證；欲知更多細則，請參閱品質保證書
 可使用PAX系統衣櫃規劃軟體，依個人需求和喜好調整現有的PAX/KOMPLEMENT衣櫃組合
 鉸鏈附緩衝器，可和緩、安靜地關上櫃門
 可搭配KOMPLEMENT內部配件，整齊收納物品
 可調式櫃腳，即使在不平整的地面，亦能穩固放置
 你可以用PAX系統衣櫃規劃設計軟體，輕鬆搭配適合的燈具；挑選燈具後，規劃設計軟體會提供相關配件資訊"
80,PAX,PAX_image81.png,150.0,60.0,2012.0,20200.0,"可使用PAX系統衣櫃規劃軟體，依個人需求和喜好調整現有的PAX/KOMPLEMENT衣櫃組合
 提供10年品質保證；欲知更多細則，請參閱品質保證書
 鉸鏈附緩衝器，可和緩、安靜地關上櫃門
 可搭配KOMPLEMENT內部配件，整齊收納物品
 可調式櫃腳，即使在不平整的地面，亦能穩固放置"
81,PAX,PAX_image82.png,498.0,380.0,2364.0,7600.0,"可使用PAX系統衣櫃規劃軟體，依個人需求和喜好調整現有的PAX/KOMPLEMENT衣櫃組合
 提供10年品質保證；欲知更多細則，請參閱品質保證書
 櫃框深度較淺，適用於小空間
 鉸鏈附緩衝器，可和緩、安靜地關上櫃門
 你可以用PAX系統衣櫃規劃設計軟體，輕鬆搭配適合的燈具；挑選燈具後，規劃設計軟體會提供相關配件資訊
 可搭配KOMPLEMENT內部配件，整齊收納物品
 可調式櫃腳，即使在不平整的地面，亦能穩固放置"
82,PAX,PAX_image83.png,200.0,60.0,2364.0,32500.0,"可使用PAX系統衣櫃規劃軟體，依個人需求和喜好調整現有的PAX/KOMPLEMENT衣櫃組合
 提供10年品質保證；欲知更多細則，請參閱品質保證書
 鉸鏈附緩衝器，可和緩、安靜地關上櫃門
 可搭配KOMPLEMENT內部配件，整齊收納物品
 你可以用PAX系統衣櫃規劃設計軟體，輕鬆搭配適合的燈具；挑選燈具後，規劃設計軟體會提供相關配件資訊
 可調式櫃腳，即使在不平整的地面，亦能穩固放置"
83,PAX,PAX_image84.png,2000.0,660.0,2012.0,25400.0,"可使用PAX系統衣櫃規劃軟體，依個人需求和喜好調整現有的PAX/KOMPLEMENT衣櫃組合
 提供10年品質保證；欲知更多細則，請參閱品質保證書
 開啟時不佔空間，可提供更多家具擺放空間
 可搭配KOMPLEMENT內部配件，整齊收納物品
 可調式櫃腳，即使在不平整的地面，亦能穩固放置
 你可以用PAX系統衣櫃規劃設計軟體，輕鬆搭配適合的燈具；挑選燈具後，規劃設計軟體會提供相關配件資訊"
84,PAX,PAX_image85.png,150.0,44.0,2012.0,13000.0,"可使用PAX系統衣櫃規劃軟體，依個人需求和喜好調整現有的PAX/KOMPLEMENT衣櫃組合
 提供10年品質保證；欲知更多細則，請參閱品質保證書
 開啟時不佔空間，可提供更多家具擺放空間
 緩衝裝置可使門板和緩、安靜地關上
 可搭配KOMPLEMENT內部配件，整齊收納物品
 可調式櫃腳，即使在不平整的地面，亦能穩固放置
 櫃框深度較淺，適用於小空間
 網眼設計，可避免小物品掉落，也能清楚看到收納物，方便拿取
 只要往外拉出，就能輕鬆拿取後面的衣物
 金屬材質，可抵擋回家時，身上和鞋子帶進來的灰塵和濕氣
 網籃可使空氣流通，適合收納包包、圍巾或配件"
85,PAX,PAX_image86.png,150.0,60.0,2012.0,25100.0,"鉸鏈附緩衝器，可和緩、安靜地關上櫃門
 提供10年品質保證；欲知更多細則，請參閱品質保證書
 可使用PAX系統衣櫃規劃軟體，依個人需求和喜好調整現有的PAX/KOMPLEMENT衣櫃組合
 可搭配KOMPLEMENT內部配件，整齊收納物品
 可調式櫃腳，即使在不平整的地面，亦能穩固放置
 你可以用PAX系統衣櫃規劃設計軟體，輕鬆搭配適合的燈具；挑選燈具後，規劃設計軟體會提供相關配件資訊"
86,PAX,PAX_image87.png,200.0,60.0,2364.0,30500.0,"提供10年品質保證；欲知更多細則，請參閱品質保證書
 可使用PAX系統衣櫃規劃軟體，依個人需求和喜好調整現有的PAX/KOMPLEMENT衣櫃組合
 可搭配KOMPLEMENT內部配件，整齊收納物品
 可調式櫃腳，即使在不平整的地面，亦能穩固放置
 你可以用PAX系統衣櫃規劃設計軟體，輕鬆搭配適合的燈具；挑選燈具後，規劃設計軟體會提供相關配件資訊"
87,PAX,PAX_image88.png,2500.0,600.0,2012.0,37500.0,"提供10年品質保證；欲知更多細則，請參閱品質保證書
 可使用PAX系統衣櫃規劃軟體，依個人需求和喜好調整現有的PAX/KOMPLEMENT衣櫃組合
 鉸鏈附緩衝器，可和緩、安靜地關上櫃門
 無光澤白色箔皮表面，有鋸齒形圖案，依不同的燈光和角度，呈現純白色或條紋圖案
 可搭配KOMPLEMENT內部配件，整齊收納物品
 你可以用PAX系統衣櫃規劃設計軟體，輕鬆搭配適合的燈具；挑選燈具後，規劃設計軟體會提供相關配件資訊
 可調式櫃腳，即使在不平整的地面，亦能穩固放置"
88,PAX,PAX_image89.png,2500.0,600.0,2012.0,16600.0,"提供10年品質保證；欲知更多細則，請參閱品質保證書
 可使用PAX系統衣櫃規劃軟體，依個人需求和喜好調整現有的PAX/KOMPLEMENT衣櫃組合
 鉸鏈附緩衝器，可和緩、安靜地關上櫃門
 無光澤白色箔皮表面，有鋸齒形圖案，依不同的燈光和角度，呈現純白色或條紋圖案
 可搭配KOMPLEMENT內部配件，整齊收納物品
 你可以用PAX系統衣櫃規劃設計軟體，輕鬆搭配適合的燈具；挑選燈具後，規劃設計軟體會提供相關配件資訊
 可調式櫃腳，即使在不平整的地面，亦能穩固放置"
89,PAX,PAX_image90.png,1000.0,380.0,2012.0,10300.0," 你可以用PAX系統衣櫃規劃設計軟體，輕鬆搭配適合的燈具；挑選燈具後，規劃設計軟體會提供相關配件資訊
"
90,PAX,PAX_image91.png,1000.0,380.0,2012.0,29100.0," 你可以用PAX系統衣櫃規劃設計軟體，輕鬆搭配適合的燈具；挑選燈具後，規劃設計軟體會提供相關配件資訊
"
91,PAX,PAX_image92.png,200.0,60.0,2012.0,26100.0,"鉸鏈附緩衝器，可和緩、安靜地關上櫃門
 提供10年品質保證；欲知更多細則，請參閱品質保證書
 可使用PAX系統衣櫃規劃軟體，依個人需求和喜好調整現有的PAX/KOMPLEMENT衣櫃組合
 一體成型把手，不需額外鑽孔
 可搭配KOMPLEMENT內部配件，整齊收納物品
 你可以用PAX系統衣櫃規劃設計軟體，輕鬆搭配適合的燈具；挑選燈具後，規劃設計軟體會提供相關配件資訊
 可調式櫃腳，即使在不平整的地面，亦能穩固放置"
92,PAX,PAX_image93.png,500.0,380.0,2012.0,5100.0,"可使用PAX系統衣櫃規劃軟體，依個人需求和喜好調整現有的PAX/KOMPLEMENT衣櫃組合
 提供10年品質保證；欲知更多細則，請參閱品質保證書
 櫃框深度較淺，適用於小空間
 你可以用PAX系統衣櫃規劃設計軟體，輕鬆搭配適合的燈具；挑選燈具後，規劃設計軟體會提供相關配件資訊
 可搭配KOMPLEMENT內部配件，整齊收納物品
 可調式櫃腳，即使在不平整的地面，亦能穩固放置"
93,PAX,PAX_image94.png,150.0,60.0,2012.0,20500.0,"可使用PAX系統衣櫃規劃軟體，依個人需求和喜好調整現有的PAX/KOMPLEMENT衣櫃組合
 提供10年品質保證；欲知更多細則，請參閱品質保證書
 鉸鏈附緩衝器，可和緩、安靜地關上櫃門
 可搭配KOMPLEMENT內部配件，整齊收納物品
 可調式櫃腳，即使在不平整的地面，亦能穩固放置
 你可以用PAX系統衣櫃規劃設計軟體，輕鬆搭配適合的燈具；挑選燈具後，規劃設計軟體會提供相關配件資訊"
94,PAX,PAX_image95.png,150.0,60.0,2012.0,20500.0,"鉸鏈附緩衝器，可和緩、安靜地關上櫃門
 提供10年品質保證；欲知更多細則，請參閱品質保證書
 可使用PAX系統衣櫃規劃軟體，依個人需求和喜好調整現有的PAX/KOMPLEMENT衣櫃組合
 可搭配KOMPLEMENT內部配件，整齊收納物品
 可調式櫃腳，即使在不平整的地面，亦能穩固放置
 你可以用PAX系統衣櫃規劃設計軟體，輕鬆搭配適合的燈具；挑選燈具後，規劃設計軟體會提供相關配件資訊"
95,PAX,PAX_image96.png,2500.0,600.0,2012.0,47800.0,"3D列印抽象圖案，在深色無光澤箔皮上更加顯著；隨著不同角度的燈光照射，呈現出有趣的光影效果
 提供10年品質保證；欲知更多細則，請參閱品質保證書
 鉸鏈附緩衝器，可和緩、安靜地關上櫃門
 門可安裝為左開或右開
 可調式櫃腳，即使在不平整的地面，亦能穩固放置
 每個配件都有自己的位置，且搭配不同大小的收納盤；你可以擺放儲物格，使較大的收納盤置於後方，方便拿取物品
 可搭配KOMPLEMENT內部配件，整齊收納物品
 附軟質毛氈墊，可保護和整齊收納物品
 容易安裝，卡入支撐架即可
 可清楚看到收納物，為衣櫃增添明亮、通風的風格效果
 環式吊桿設計，可掛置更多褲子
 你可以用PAX系統衣櫃規劃設計軟體，輕鬆搭配適合的燈具；挑選燈具後，規劃設計軟體會提供相關配件資訊
 可拉出，方便找到和拿取褲子"
96,PAX,PAX_image97.png,2500.0,600.0,2012.0,13500.0,"3D列印抽象圖案，在深色無光澤箔皮上更加顯著；隨著不同角度的燈光照射，呈現出有趣的光影效果
 提供10年品質保證；欲知更多細則，請參閱品質保證書
 鉸鏈附緩衝器，可和緩、安靜地關上櫃門
 門可安裝為左開或右開
 可調式櫃腳，即使在不平整的地面，亦能穩固放置
 每個配件都有自己的位置，且搭配不同大小的收納盤；你可以擺放儲物格，使較大的收納盤置於後方，方便拿取物品
 可搭配KOMPLEMENT內部配件，整齊收納物品
 附軟質毛氈墊，可保護和整齊收納物品
 容易安裝，卡入支撐架即可
 可清楚看到收納物，為衣櫃增添明亮、通風的風格效果
 環式吊桿設計，可掛置更多褲子
 你可以用PAX系統衣櫃規劃設計軟體，輕鬆搭配適合的燈具；挑選燈具後，規劃設計軟體會提供相關配件資訊
 可拉出，方便找到和拿取褲子"
97,PAX,PAX_image98.png,2500.0,600.0,2364.0,52700.0,"可調式櫃腳，即使在不平整的地面，亦能穩固放置
 3D列印抽象圖案，在深色無光澤箔皮上更加顯著；隨著不同角度的燈光照射，呈現出有趣的光影效果
 提供10年品質保證；欲知更多細則，請參閱品質保證書
 附緩衝器，可和緩、安靜的關上
 每個配件都有自己的位置，且搭配不同大小的收納盤；你可以擺放儲物格，使較大的收納盤置於後方，方便拿取物品
 可搭配KOMPLEMENT內部配件，整齊收納物品
 附軟質毛氈墊，可保護和整齊收納物品
 容易安裝，卡入支撐架即可
 門可安裝為左開或右開
 可清楚看到收納物，為衣櫃增添明亮、通風的風格效果
 可清楚看到上層抽屜或外拉式收納盤的收納物，方便拿取
 可展示物品，賦予衣櫃明亮、通風的風格效果
 適合收納T恤等衣物，也可搭配KOMPLEMENT隔板或鞋架
 環式吊桿設計，可掛置更多褲子
 你可以用PAX系統衣櫃規劃設計軟體，輕鬆搭配適合的燈具；挑選燈具後，規劃設計軟體會提供相關配件資訊
 可拉出，方便找到和拿取褲子"
98,PAX,PAX_image99.png,150.0,60.0,2364.0,25900.0,"鉸鏈附緩衝器，可和緩、安靜地關上櫃門
 提供10年品質保證；欲知更多細則，請參閱品質保證書
 可使用PAX系統衣櫃規劃軟體，依個人需求和喜好調整現有的PAX/KOMPLEMENT衣櫃組合
 櫃框深度較淺，適用於小空間
 可搭配KOMPLEMENT內部配件，整齊收納物品
 可調式櫃腳，即使在不平整的地面，亦能穩固放置"
99,PAX,PAX_image100.png,2000.0,600.0,2364.0,25900.0,"可使用PAX系統衣櫃規劃軟體，依個人需求和喜好調整現有的PAX/KOMPLEMENT衣櫃組合
 提供10年品質保證；欲知更多細則，請參閱品質保證書
 可搭配KOMPLEMENT內部配件，整齊收納物品
 鉸鏈附緩衝器，可和緩、安靜地關上櫃門
 你可以用PAX系統衣櫃規劃設計軟體，輕鬆搭配適合的燈具；挑選燈具後，規劃設計軟體會提供相關配件資訊
 可調式櫃腳，即使在不平整的地面，亦能穩固放置"
100,PAX,PAX_image101.png,150.0,60.0,2364.0,28800.0,"可使用PAX系統衣櫃規劃軟體，依個人需求和喜好調整現有的PAX/KOMPLEMENT衣櫃組合
 提供10年品質保證；欲知更多細則，請參閱品質保證書
 鉸鏈附緩衝器，可和緩、安靜地關上櫃門
 可搭配KOMPLEMENT內部配件，整齊收納物品
 可調式櫃腳，即使在不平整的地面，亦能穩固放置
 你可以用PAX系統衣櫃規劃設計軟體，輕鬆搭配適合的燈具；挑選燈具後，規劃設計軟體會提供相關配件資訊"
101,PAX,PAX_image102.png,200.0,60.0,2012.0,25700.0,"可使用PAX系統衣櫃規劃軟體，依個人需求和喜好調整現有的PAX/KOMPLEMENT衣櫃組合
 提供10年品質保證；欲知更多細則，請參閱品質保證書
 可搭配KOMPLEMENT內部配件，整齊收納物品
 可調式櫃腳，即使在不平整的地面，亦能穩固放置
 你可以用PAX系統衣櫃規劃設計軟體，輕鬆搭配適合的燈具；挑選燈具後，規劃設計軟體會提供相關配件資訊"
102,PAX,PAX_image103.png,2000.0,600.0,2012.0,31100.0,"鉸鏈附緩衝器，可和緩、安靜地關上櫃門
 提供10年品質保證；欲知更多細則，請參閱品質保證書
 可使用PAX系統衣櫃規劃軟體，依個人需求和喜好調整現有的PAX/KOMPLEMENT衣櫃組合
 可搭配KOMPLEMENT內部配件，整齊收納物品
 可調式櫃腳，即使在不平整的地面，亦能穩固放置
 3D列印抽象圖案，在深色無光澤箔皮上更加顯著；隨著不同角度的燈光照射，呈現出有趣的光影效果
 可讓空氣流通，適合收納摺好的衣物、襪子或飾品
 有效運用衣櫃空間，將短版衣物掛在隔板上方，將洋裝等長版衣物掛在旁邊，你可以在隔板內側安裝抽屜、層板和其他內部配件
 容易安裝，卡入支撐架即可
 門可安裝為左開或右開
 適合收納T恤等衣物，也可搭配KOMPLEMENT隔板或鞋架
 環式吊桿設計，可掛置更多褲子
 可拉出，方便找到和拿取褲子
 你可以用PAX系統衣櫃規劃設計軟體，輕鬆搭配適合的燈具；挑選燈具後，規劃設計軟體會提供相關配件資訊"
103,PAX,PAX_image104.png,1000.0,600.0,2364.0,16000.0," 你可以用PAX系統衣櫃規劃設計軟體，輕鬆搭配適合的燈具；挑選燈具後，規劃設計軟體會提供相關配件資訊
"
104,PAX,PAX_image105.png,1000.0,600.0,2364.0,16000.0," 你可以用PAX系統衣櫃規劃設計軟體，輕鬆搭配適合的燈具；挑選燈具後，規劃設計軟體會提供相關配件資訊
"
105,PAX,PAX_image106.png,2500.0,600.0,2364.0,52700.0,"提供10年品質保證；欲知更多細則，請參閱品質保證書
 3D列印抽象圖案，在深色無光澤箔皮上更加顯著；隨著不同角度的燈光照射，呈現出有趣的光影效果
 可調式櫃腳，即使在不平整的地面，亦能穩固放置
 附緩衝器，可和緩、安靜的關上
 每個配件都有自己的位置，且搭配不同大小的收納盤；你可以擺放儲物格，使較大的收納盤置於後方，方便拿取物品
 可搭配KOMPLEMENT內部配件，整齊收納物品
 附軟質毛氈墊，可保護和整齊收納物品
 容易安裝，卡入支撐架即可
 門可安裝為左開或右開
 可清楚看到收納物，為衣櫃增添明亮、通風的風格效果
 可清楚看到上層抽屜或外拉式收納盤的收納物，方便拿取
 可展示物品，賦予衣櫃明亮、通風的風格效果
 你可以用PAX系統衣櫃規劃設計軟體，輕鬆搭配適合的燈具；挑選燈具後，規劃設計軟體會提供相關配件資訊
 適合收納T恤等衣物，也可搭配KOMPLEMENT隔板或鞋架
 環式吊桿設計，可掛置更多褲子
 可拉出，方便找到和拿取褲子"
106,PAX,PAX_image107.png,2500.0,600.0,2364.0,26000.0,"提供10年品質保證；欲知更多細則，請參閱品質保證書
 3D列印抽象圖案，在深色無光澤箔皮上更加顯著；隨著不同角度的燈光照射，呈現出有趣的光影效果
 可調式櫃腳，即使在不平整的地面，亦能穩固放置
 附緩衝器，可和緩、安靜的關上
 每個配件都有自己的位置，且搭配不同大小的收納盤；你可以擺放儲物格，使較大的收納盤置於後方，方便拿取物品
 可搭配KOMPLEMENT內部配件，整齊收納物品
 附軟質毛氈墊，可保護和整齊收納物品
 容易安裝，卡入支撐架即可
 門可安裝為左開或右開
 可清楚看到收納物，為衣櫃增添明亮、通風的風格效果
 可清楚看到上層抽屜或外拉式收納盤的收納物，方便拿取
 可展示物品，賦予衣櫃明亮、通風的風格效果
 你可以用PAX系統衣櫃規劃設計軟體，輕鬆搭配適合的燈具；挑選燈具後，規劃設計軟體會提供相關配件資訊
 適合收納T恤等衣物，也可搭配KOMPLEMENT隔板或鞋架
 環式吊桿設計，可掛置更多褲子
 可拉出，方便找到和拿取褲子"
107,PAX,PAX_image108.png,150.0,60.0,2364.0,23500.0,"鉸鏈附緩衝器，可和緩、安靜地關上櫃門
 提供10年品質保證；欲知更多細則，請參閱品質保證書
 可使用PAX系統衣櫃規劃軟體，依個人需求和喜好調整現有的PAX/KOMPLEMENT衣櫃組合
 可搭配KOMPLEMENT內部配件，整齊收納物品
 可調式櫃腳，即使在不平整的地面，亦能穩固放置
 你可以用PAX系統衣櫃規劃設計軟體，輕鬆搭配適合的燈具；挑選燈具後，規劃設計軟體會提供相關配件資訊"
108,PAX,PAX_image109.png,100.0,60.0,2364.0,18200.0,"可使用PAX系統衣櫃規劃軟體，依個人需求和喜好調整現有的PAX/KOMPLEMENT衣櫃組合
 提供10年品質保證；欲知更多細則，請參閱品質保證書
 鉸鏈附緩衝器，可和緩、安靜地關上櫃門
 可搭配KOMPLEMENT內部配件，整齊收納物品
 可調式櫃腳，即使在不平整的地面，亦能穩固放置"
109,PAX,PAX_image110.png,500.0,380.0,2364.0,6300.0,"可使用PAX系統衣櫃規劃軟體，依個人需求和喜好調整現有的PAX/KOMPLEMENT衣櫃組合
 提供10年品質保證；欲知更多細則，請參閱品質保證書
 櫃框深度較淺，適用於小空間
 鉸鏈附緩衝器，可和緩、安靜地關上櫃門
 可搭配KOMPLEMENT內部配件，整齊收納物品
 可調式櫃腳，即使在不平整的地面，亦能穩固放置
 你可以用PAX系統衣櫃規劃設計軟體，輕鬆搭配適合的燈具；挑選燈具後，規劃設計軟體會提供相關配件資訊"
110,PAX,PAX_image111.png,300.0,60.0,2012.0,24300.0,"可使用PAX系統衣櫃規劃軟體，依個人需求和喜好調整現有的PAX/KOMPLEMENT衣櫃組合
 提供10年品質保證；欲知更多細則，請參閱品質保證書
 鉸鏈附緩衝器，可和緩、安靜地關上櫃門
 可搭配KOMPLEMENT內部配件，整齊收納物品
 可調式櫃腳，即使在不平整的地面，亦能穩固放置
 你可以用PAX系統衣櫃規劃設計軟體，輕鬆搭配適合的燈具；挑選燈具後，規劃設計軟體會提供相關配件資訊"
111,PAX,PAX_image112.png,200.0,60.0,2364.0,30500.0,"一體成型把手，不需額外鑽孔
 提供10年品質保證；欲知更多細則，請參閱品質保證書
 可使用PAX系統衣櫃規劃軟體，依個人需求和喜好調整現有的PAX/KOMPLEMENT衣櫃組合
 鉸鏈附緩衝器，可和緩、安靜地關上櫃門
 可搭配KOMPLEMENT內部配件，整齊收納物品
 可調式櫃腳，即使在不平整的地面，亦能穩固放置
 你可以用PAX系統衣櫃規劃設計軟體，輕鬆搭配適合的燈具；挑選燈具後，規劃設計軟體會提供相關配件資訊"
112,PAX,PAX_image113.png,2000.0,600.0,2012.0,27700.0,"可使用PAX系統衣櫃規劃軟體，依個人需求和喜好調整現有的PAX/KOMPLEMENT衣櫃組合
 提供10年品質保證；欲知更多細則，請參閱品質保證書
 你可以用PAX系統衣櫃規劃設計軟體，輕鬆搭配適合的燈具；挑選燈具後，規劃設計軟體會提供相關配件資訊
 鉸鏈附緩衝器，可和緩、安靜地關上櫃門
 可搭配KOMPLEMENT內部配件，整齊收納物品
 可調式櫃腳，即使在不平整的地面，亦能穩固放置"
113,PAX,PAX_image114.png,200.0,66.0,2364.0,28800.0,"可使用PAX系統衣櫃規劃軟體，依個人需求和喜好調整現有的PAX/KOMPLEMENT衣櫃組合
 提供10年品質保證；欲知更多細則，請參閱品質保證書
 開啟時不佔空間，可提供更多家具擺放空間
 可搭配KOMPLEMENT內部配件，整齊收納物品
 可調式櫃腳，即使在不平整的地面，亦能穩固放置
 你可以用PAX系統衣櫃規劃設計軟體，輕鬆搭配適合的燈具；挑選燈具後，規劃設計軟體會提供相關配件資訊"
114,PAX,PAX_image115.png,200.0,60.0,2012.0,21500.0,"可使用PAX系統衣櫃規劃軟體，依個人需求和喜好調整現有的PAX/KOMPLEMENT衣櫃組合
 提供10年品質保證；欲知更多細則，請參閱品質保證書
 可搭配KOMPLEMENT內部配件，整齊收納物品
 鉸鏈附緩衝器，可和緩、安靜地關上櫃門
 你可以用PAX系統衣櫃規劃設計軟體，輕鬆搭配適合的燈具；挑選燈具後，規劃設計軟體會提供相關配件資訊
 可調式櫃腳，即使在不平整的地面，亦能穩固放置"
115,PAX,PAX_image116.png,1000.0,600.0,2012.0,14200.0," 你可以用PAX系統衣櫃規劃設計軟體，輕鬆搭配適合的燈具；挑選燈具後，規劃設計軟體會提供相關配件資訊
"
116,PAX,PAX_image117.png,1500.0,600.0,2012.0,15300.0," 你可以用PAX系統衣櫃規劃設計軟體，輕鬆搭配適合的燈具；挑選燈具後，規劃設計軟體會提供相關配件資訊
"
117,PAX,PAX_image118.png,200.0,38.0,2012.0,22100.0,"可使用PAX系統衣櫃規劃軟體，依個人需求和喜好調整現有的PAX/KOMPLEMENT衣櫃組合
 提供10年品質保證；欲知更多細則，請參閱品質保證書
 櫃框深度較淺，適用於小空間
 緩衝裝置可使門板和緩、安靜地關上
 你可以用PAX系統衣櫃規劃設計軟體，輕鬆搭配適合的燈具；挑選燈具後，規劃設計軟體會提供相關配件資訊
 可搭配KOMPLEMENT內部配件，整齊收納物品
 可調式櫃腳，即使在不平整的地面，亦能穩固放置"
118,PAX,PAX_image119.png,150.0,44.0,2364.0,22000.0,"開啟時不佔空間，可提供更多家具擺放空間
 提供10年品質保證；欲知更多細則，請參閱品質保證書
 可使用PAX系統衣櫃規劃軟體，依個人需求和喜好調整現有的PAX/KOMPLEMENT衣櫃組合
 緩衝裝置可使門板和緩、安靜地關上
 可搭配KOMPLEMENT內部配件，整齊收納物品
 可調式櫃腳，即使在不平整的地面，亦能穩固放置
 櫃框深度較淺，適用於小空間
 金屬材質，可抵擋回家時，身上和鞋子帶進來的灰塵和濕氣
 我們使用的軟木取自栓皮櫟樹的樹皮，純天然、可再生，你可以放心使用；栓皮櫟樹是一種的長壽的樹種，樹皮可再生，多次採收
 軟木貼皮具有保暖和吸音特性，可為房間營造溫暖、平靜氛圍
 軟木耐磨、抗刮，可使櫃門常保美觀
 深淺不一的軟木顆粒使門板富有變化，每片門板都是獨一無二
 只要往外拉出，就能輕鬆拿取後面的衣物
 網眼設計，可避免小物品掉落，也能清楚看到收納物，方便拿取
 你可以用PAX系統衣櫃規劃設計軟體，輕鬆搭配適合的燈具；挑選燈具後，規劃設計軟體會提供相關配件資訊
 網籃可使空氣流通，適合收納包包、圍巾或配件"
119,PAX,PAX_image120.png,150.0,44.0,2364.0,21900.0,"開啟時不佔空間，可提供更多家具擺放空間
 提供10年品質保證；欲知更多細則，請參閱品質保證書
 可使用PAX系統衣櫃規劃軟體，依個人需求和喜好調整現有的PAX/KOMPLEMENT衣櫃組合
 緩衝裝置可使門板和緩、安靜地關上
 可搭配KOMPLEMENT內部配件，整齊收納物品
 可調式櫃腳，即使在不平整的地面，亦能穩固放置
 櫃框深度較淺，適用於小空間
 金屬材質，可抵擋回家時，身上和鞋子帶進來的灰塵和濕氣
 我們使用的軟木取自栓皮櫟樹的樹皮，純天然、可再生，你可以放心使用；栓皮櫟樹是一種的長壽的樹種，樹皮可再生，多次採收
 軟木貼皮具有保暖和吸音特性，可為房間營造溫暖、平靜氛圍
 軟木耐磨、抗刮，可使櫃門常保美觀
 深淺不一的軟木顆粒使門板富有變化，每片門板都是獨一無二
 只要往外拉出，就能輕鬆拿取後面的衣物
 網眼設計，可避免小物品掉落，也能清楚看到收納物，方便拿取
 你可以用PAX系統衣櫃規劃設計軟體，輕鬆搭配適合的燈具；挑選燈具後，規劃設計軟體會提供相關配件資訊
 網籃可使空氣流通，適合收納包包、圍巾或配件"
120,PAX,PAX_image121.png,150.0,44.0,2364.0,26400.0,"開啟時不佔空間，可提供更多家具擺放空間
 提供10年品質保證；欲知更多細則，請參閱品質保證書
 可使用PAX系統衣櫃規劃軟體，依個人需求和喜好調整現有的PAX/KOMPLEMENT衣櫃組合
 緩衝裝置可使門板和緩、安靜地關上
 可搭配KOMPLEMENT內部配件，整齊收納物品
 可調式櫃腳，即使在不平整的地面，亦能穩固放置
 櫃框深度較淺，適用於小空間
 金屬材質，可抵擋回家時，身上和鞋子帶進來的灰塵和濕氣
 我們使用的軟木取自栓皮櫟樹的樹皮，純天然、可再生，你可以放心使用；栓皮櫟樹是一種的長壽的樹種，樹皮可再生，多次採收
 軟木貼皮具有保暖和吸音特性，可為房間營造溫暖、平靜氛圍
 軟木耐磨、抗刮，可使櫃門常保美觀
 深淺不一的軟木顆粒使門板富有變化，每片門板都是獨一無二
 只要往外拉出，就能輕鬆拿取後面的衣物
 網眼設計，可避免小物品掉落，也能清楚看到收納物，方便拿取
 你可以用PAX系統衣櫃規劃設計軟體，輕鬆搭配適合的燈具；挑選燈具後，規劃設計軟體會提供相關配件資訊
 網籃可使空氣流通，適合收納包包、圍巾或配件"
121,VALLENTUNA,VALLENTUNA_image122.png,211.0,88.0,80.0,35700.0,"苯染皮革表面未經修改，留下天然的紋路，只有一層薄的防護塗層；透氣性佳，保留天然外觀，紋路使每個椅套都是獨一無二
 座椅和靠墊含高回彈泡棉及聚酯纖維，可為身體提供舒適支撐，立即恢復原狀
 提供10年品質保證；欲知更多細則，請參閱品質保證書"
122,VALLENTUNA,VALLENTUNA_image123.png,211.0,88.0,80.0,20400.0,"苯染皮革表面未經修改，留下天然的紋路，只有一層薄的防護塗層；透氣性佳，保留天然外觀，紋路使每個椅套都是獨一無二
 座椅和靠墊含高回彈泡棉及聚酯纖維，可為身體提供舒適支撐，立即恢復原狀
 提供10年品質保證；欲知更多細則，請參閱品質保證書"
123,LANDSKRONA,LANDSKRONA_image124.png,211.0,88.0,80.0,61700.0,"苯染皮革表面未經修改，留下天然的紋路，只有一層薄的防護塗層；透氣性佳，保留天然外觀，紋路使每個椅套都是獨一無二
 座椅和靠墊含高回彈泡棉及聚酯纖維，可為身體提供舒適支撐，立即恢復原狀
 提供10年品質保證；欲知更多細則，請參閱品質保證書"
124,GRÖNLID,GRÖNLID_image125.png,211.0,88.0,80.0,29900.0,"苯染皮革表面未經修改，留下天然的紋路，只有一層薄的防護塗層；透氣性佳，保留天然外觀，紋路使每個椅套都是獨一無二
 座椅和靠墊含高回彈泡棉及聚酯纖維，可為身體提供舒適支撐，立即恢復原狀
 提供10年品質保證；欲知更多細則，請參閱品質保證書"
125,STOCKHOLM,STOCKHOLM_image126.png,211.0,88.0,80.0,69900.0,"苯染皮革表面未經修改，留下天然的紋路，只有一層薄的防護塗層；透氣性佳，保留天然外觀，紋路使每個椅套都是獨一無二
 座椅和靠墊含高回彈泡棉及聚酯纖維，可為身體提供舒適支撐，立即恢復原狀
 提供10年品質保證；欲知更多細則，請參閱品質保證書"
126,LIDHULT,LIDHULT_image127.png,211.0,88.0,80.0,78300.0,"苯染皮革表面未經修改，留下天然的紋路，只有一層薄的防護塗層；透氣性佳，保留天然外觀，紋路使每個椅套都是獨一無二
 座椅和靠墊含高回彈泡棉及聚酯纖維，可為身體提供舒適支撐，立即恢復原狀
 提供10年品質保證；欲知更多細則，請參閱品質保證書"
127,VALLENTUNA,VALLENTUNA_image128.png,211.0,88.0,80.0,15400.0,"苯染皮革表面未經修改，留下天然的紋路，只有一層薄的防護塗層；透氣性佳，保留天然外觀，紋路使每個椅套都是獨一無二
 座椅和靠墊含高回彈泡棉及聚酯纖維，可為身體提供舒適支撐，立即恢復原狀
 提供10年品質保證；欲知更多細則，請參閱品質保證書"
128,LANDSKRONA,LANDSKRONA_image129.png,211.0,88.0,80.0,22900.0,"苯染皮革表面未經修改，留下天然的紋路，只有一層薄的防護塗層；透氣性佳，保留天然外觀，紋路使每個椅套都是獨一無二
 座椅和靠墊含高回彈泡棉及聚酯纖維，可為身體提供舒適支撐，立即恢復原狀
 提供10年品質保證；欲知更多細則，請參閱品質保證書"
129,LANDSKRONA,LANDSKRONA_image130.png,211.0,88.0,80.0,39800.0,"苯染皮革表面未經修改，留下天然的紋路，只有一層薄的防護塗層；透氣性佳，保留天然外觀，紋路使每個椅套都是獨一無二
 座椅和靠墊含高回彈泡棉及聚酯纖維，可為身體提供舒適支撐，立即恢復原狀
 提供10年品質保證；欲知更多細則，請參閱品質保證書"
130,LIDHULT,LIDHULT_image131.png,211.0,88.0,80.0,53900.0,"苯染皮革表面未經修改，留下天然的紋路，只有一層薄的防護塗層；透氣性佳，保留天然外觀，紋路使每個椅套都是獨一無二
 座椅和靠墊含高回彈泡棉及聚酯纖維，可為身體提供舒適支撐，立即恢復原狀
 提供10年品質保證；欲知更多細則，請參閱品質保證書"
131,LANDSKRONA,LANDSKRONA_image132.png,211.0,88.0,80.0,61700.0,"苯染皮革表面未經修改，留下天然的紋路，只有一層薄的防護塗層；透氣性佳，保留天然外觀，紋路使每個椅套都是獨一無二
 座椅和靠墊含高回彈泡棉及聚酯纖維，可為身體提供舒適支撐，立即恢復原狀
 提供10年品質保證；欲知更多細則，請參閱品質保證書"
132,LANDSKRONA,LANDSKRONA_image133.png,211.0,88.0,80.0,27900.0,"苯染皮革表面未經修改，留下天然的紋路，只有一層薄的防護塗層；透氣性佳，保留天然外觀，紋路使每個椅套都是獨一無二
 座椅和靠墊含高回彈泡棉及聚酯纖維，可為身體提供舒適支撐，立即恢復原狀
 提供10年品質保證；欲知更多細則，請參閱品質保證書"
133,VALLENTUNA,VALLENTUNA_image134.png,211.0,88.0,80.0,30800.0,"苯染皮革表面未經修改，留下天然的紋路，只有一層薄的防護塗層；透氣性佳，保留天然外觀，紋路使每個椅套都是獨一無二
 座椅和靠墊含高回彈泡棉及聚酯纖維，可為身體提供舒適支撐，立即恢復原狀
 提供10年品質保證；欲知更多細則，請參閱品質保證書"
134,VALLENTUNA,VALLENTUNA_image135.png,211.0,88.0,80.0,42000.0,"苯染皮革表面未經修改，留下天然的紋路，只有一層薄的防護塗層；透氣性佳，保留天然外觀，紋路使每個椅套都是獨一無二
 座椅和靠墊含高回彈泡棉及聚酯纖維，可為身體提供舒適支撐，立即恢復原狀
 提供10年品質保證；欲知更多細則，請參閱品質保證書"
135,LANDSKRONA,LANDSKRONA_image136.png,211.0,88.0,80.0,44800.0,"苯染皮革表面未經修改，留下天然的紋路，只有一層薄的防護塗層；透氣性佳，保留天然外觀，紋路使每個椅套都是獨一無二
 座椅和靠墊含高回彈泡棉及聚酯纖維，可為身體提供舒適支撐，立即恢復原狀
 提供10年品質保證；欲知更多細則，請參閱品質保證書"
136,LANDSKRONA,LANDSKRONA_image137.png,211.0,88.0,80.0,27900.0,"苯染皮革表面未經修改，留下天然的紋路，只有一層薄的防護塗層；透氣性佳，保留天然外觀，紋路使每個椅套都是獨一無二
 座椅和靠墊含高回彈泡棉及聚酯纖維，可為身體提供舒適支撐，立即恢復原狀
 提供10年品質保證；欲知更多細則，請參閱品質保證書"
137,LANDSKRONA,LANDSKRONA_image138.png,204.0,89.0,78.0,27900.0,"其餘表面採用耐用的合成皮革，呈現如皮革般外觀與質感
 經常接觸的椅面部分，採用柔軟的全染牛皮表面，厚度1.2公厘，質感平滑
 椅墊以高回彈泡棉和聚酯纖維填充，提供絕佳的舒適感
 可拆式扶手，方便加裝躺椅
 提供10年品質保證；欲知更多細則，請參閱品質保證書"
138,VIMLE,VIMLE_image139.png,204.0,89.0,78.0,23090.0,"其餘表面採用耐用的合成皮革，呈現如皮革般外觀與質感
 經常接觸的椅面部分，採用柔軟的全染牛皮表面，厚度1.2公厘，質感平滑
 椅墊以高回彈泡棉和聚酯纖維填充，提供絕佳的舒適感
 可拆式扶手，方便加裝躺椅
 提供10年品質保證；欲知更多細則，請參閱品質保證書"
139,VIMLE,VIMLE_image140.png,204.0,89.0,78.0,13900.0,"其餘表面採用耐用的合成皮革，呈現如皮革般外觀與質感
 經常接觸的椅面部分，採用柔軟的全染牛皮表面，厚度1.2公厘，質感平滑
 椅墊以高回彈泡棉和聚酯纖維填充，提供絕佳的舒適感
 可拆式扶手，方便加裝躺椅
 提供10年品質保證；欲知更多細則，請參閱品質保證書"
140,VIMLE,VIMLE_image141.png,204.0,89.0,78.0,16900.0,"其餘表面採用耐用的合成皮革，呈現如皮革般外觀與質感
 經常接觸的椅面部分，採用柔軟的全染牛皮表面，厚度1.2公厘，質感平滑
 椅墊以高回彈泡棉和聚酯纖維填充，提供絕佳的舒適感
 可拆式扶手，方便加裝躺椅
 提供10年品質保證；欲知更多細則，請參閱品質保證書"
141,GRÖNLID,GRÖNLID_image142.png,204.0,89.0,78.0,15900.0,"其餘表面採用耐用的合成皮革，呈現如皮革般外觀與質感
 經常接觸的椅面部分，採用柔軟的全染牛皮表面，厚度1.2公厘，質感平滑
 椅墊以高回彈泡棉和聚酯纖維填充，提供絕佳的舒適感
 可拆式扶手，方便加裝躺椅
 提供10年品質保證；欲知更多細則，請參閱品質保證書"
142,LANDSKRONA,LANDSKRONA_image143.png,204.0,89.0,78.0,44800.0,"其餘表面採用耐用的合成皮革，呈現如皮革般外觀與質感
 經常接觸的椅面部分，採用柔軟的全染牛皮表面，厚度1.2公厘，質感平滑
 椅墊以高回彈泡棉和聚酯纖維填充，提供絕佳的舒適感
 可拆式扶手，方便加裝躺椅
 提供10年品質保證；欲知更多細則，請參閱品質保證書"
143,VIMLE,VIMLE_image144.png,204.0,89.0,78.0,29900.0,"其餘表面採用耐用的合成皮革，呈現如皮革般外觀與質感
 經常接觸的椅面部分，採用柔軟的全染牛皮表面，厚度1.2公厘，質感平滑
 椅墊以高回彈泡棉和聚酯纖維填充，提供絕佳的舒適感
 可拆式扶手，方便加裝躺椅
 提供10年品質保證；欲知更多細則，請參閱品質保證書"
144,LIDHULT,LIDHULT_image145.png,279.0,89.0,78.0,53900.0,"提供10年品質保證；欲知更多細則，請參閱品質保證書
 含獨立筒彈簧，可提供適當支撐及貼合身形，讓你坐得舒服；椅墊頂層含纖維球，格外柔軟、舒適；高背和頸部支撐設計，可增添舒適感
 扶手含填充物，讓你舒服地倚靠，或躺下時讓頭靠在上面
 躺椅下方有儲物空間，蓋子可保持開啟狀態，方便拿取、收納物品"
145,VIMLE,VIMLE_image146.png,279.0,89.0,78.0,29900.0,"提供10年品質保證；欲知更多細則，請參閱品質保證書
 含獨立筒彈簧，可提供適當支撐及貼合身形，讓你坐得舒服；椅墊頂層含纖維球，格外柔軟、舒適；高背和頸部支撐設計，可增添舒適感
 扶手含填充物，讓你舒服地倚靠，或躺下時讓頭靠在上面
 躺椅下方有儲物空間，蓋子可保持開啟狀態，方便拿取、收納物品"
146,VIMLE,VIMLE_image147.png,279.0,89.0,78.0,42800.0,"提供10年品質保證；欲知更多細則，請參閱品質保證書
 含獨立筒彈簧，可提供適當支撐及貼合身形，讓你坐得舒服；椅墊頂層含纖維球，格外柔軟、舒適；高背和頸部支撐設計，可增添舒適感
 扶手含填充物，讓你舒服地倚靠，或躺下時讓頭靠在上面
 躺椅下方有儲物空間，蓋子可保持開啟狀態，方便拿取、收納物品"
147,VIMLE,VIMLE_image148.png,279.0,89.0,78.0,44400.0,"提供10年品質保證；欲知更多細則，請參閱品質保證書
 含獨立筒彈簧，可提供適當支撐及貼合身形，讓你坐得舒服；椅墊頂層含纖維球，格外柔軟、舒適；高背和頸部支撐設計，可增添舒適感
 扶手含填充物，讓你舒服地倚靠，或躺下時讓頭靠在上面
 躺椅下方有儲物空間，蓋子可保持開啟狀態，方便拿取、收納物品"
148,VIMLE,VIMLE_image149.png,279.0,89.0,78.0,44400.0,"提供10年品質保證；欲知更多細則，請參閱品質保證書
 含獨立筒彈簧，可提供適當支撐及貼合身形，讓你坐得舒服；椅墊頂層含纖維球，格外柔軟、舒適；高背和頸部支撐設計，可增添舒適感
 扶手含填充物，讓你舒服地倚靠，或躺下時讓頭靠在上面
 躺椅下方有儲物空間，蓋子可保持開啟狀態，方便拿取、收納物品"
149,VIMLE,VIMLE_image150.png,279.0,89.0,78.0,40500.0,"提供10年品質保證；欲知更多細則，請參閱品質保證書
 含獨立筒彈簧，可提供適當支撐及貼合身形，讓你坐得舒服；椅墊頂層含纖維球，格外柔軟、舒適；高背和頸部支撐設計，可增添舒適感
 扶手含填充物，讓你舒服地倚靠，或躺下時讓頭靠在上面
 躺椅下方有儲物空間，蓋子可保持開啟狀態，方便拿取、收納物品"
150,VIMLE,VIMLE_image151.png,279.0,89.0,78.0,40500.0,"提供10年品質保證；欲知更多細則，請參閱品質保證書
 含獨立筒彈簧，可提供適當支撐及貼合身形，讓你坐得舒服；椅墊頂層含纖維球，格外柔軟、舒適；高背和頸部支撐設計，可增添舒適感
 扶手含填充物，讓你舒服地倚靠，或躺下時讓頭靠在上面
 躺椅下方有儲物空間，蓋子可保持開啟狀態，方便拿取、收納物品"
151,GRÖNLID,GRÖNLID_image152.png,279.0,89.0,78.0,27900.0,"提供10年品質保證；欲知更多細則，請參閱品質保證書
 含獨立筒彈簧，可提供適當支撐及貼合身形，讓你坐得舒服；椅墊頂層含纖維球，格外柔軟、舒適；高背和頸部支撐設計，可增添舒適感
 扶手含填充物，讓你舒服地倚靠，或躺下時讓頭靠在上面
 躺椅下方有儲物空間，蓋子可保持開啟狀態，方便拿取、收納物品"
152,VALLENTUNA,VALLENTUNA_image153.png,279.0,89.0,78.0,35700.0,"提供10年品質保證；欲知更多細則，請參閱品質保證書
 含獨立筒彈簧，可提供適當支撐及貼合身形，讓你坐得舒服；椅墊頂層含纖維球，格外柔軟、舒適；高背和頸部支撐設計，可增添舒適感
 扶手含填充物，讓你舒服地倚靠，或躺下時讓頭靠在上面
 躺椅下方有儲物空間，蓋子可保持開啟狀態，方便拿取、收納物品"
153,LIDHULT,LIDHULT_image154.png,90.0,164.0,78.0,20000.0," 座椅底下有儲物空間，可移開蓋子，方便放入和拿出物品
 含獨立筒彈簧，可提供適當支撐及貼合身形，讓你坐得舒服；椅墊頂層含纖維球，格外柔軟、舒適；高背和頸部支撐設計，可增添舒適感
"
154,VALLENTUNA,VALLENTUNA_image155.png,100.0,13.0,80.0,3200.0,"椅套可用濕布擦拭，常保乾淨
 MURUM固定式椅套以聚酯纖維製成，表面有聚氨酯保護塗層，質感柔軟又堅實，耐用又容易保養
 提供10年品質保證；欲知更多細則，請參閱品質保證書"
155,VALLENTUNA,VALLENTUNA_image156.png,80.0,13.0,80.0,2800.0,"椅套可用濕布擦拭，常保乾淨
 MURUM固定式椅套以聚酯纖維製成，表面有聚氨酯保護塗層，質感柔軟又堅實，耐用又容易保養
 提供10年品質保證；欲知更多細則，請參閱品質保證書"
156,LANDSKRONA,LANDSKRONA_image157.png,242.0,13.0,78.0,39800.0,"其餘表面採用耐用的合成皮革，呈現如皮革般外觀與質感
 經常接觸的椅面部分，採用柔軟的全染牛皮表面，厚度1.2公厘，質感平滑
 提供10年品質保證；欲知更多細則，請參閱品質保證書
 椅墊以高回彈泡棉和聚酯纖維填充，提供絕佳的舒適感
 可拆式扶手，方便加裝躺椅"
157,LANDSKRONA,LANDSKRONA_image158.png,282.0,13.0,78.0,44800.0,"經常接觸的椅面部分，採用柔軟的全染牛皮表面，厚度1.2公厘，質感平滑
 其餘表面採用耐用的合成皮革，呈現如皮革般外觀與質感
 椅墊以高回彈泡棉和聚酯纖維填充，提供絕佳的舒適感
 可拆式扶手，方便加裝躺椅
 提供10年品質保證；欲知更多細則，請參閱品質保證書"
158,LANDSKRONA,LANDSKRONA_image159.png,78.0,158.0,78.0,16900.0,"提供10年品質保證；欲知更多細則，請參閱品質保證書
 經常接觸的椅面部分，採用柔軟、光滑的GRANN牛皮表面，堅韌耐用，呈現自然變化；其他表面採用BOMSTAD合成皮革，呈現如皮革般外觀與質感
 椅墊以高回彈泡棉和聚酯纖維填充，提供絕佳的舒適感"
159,VIMLE,VIMLE_image160.png,171.0,98.0,78.0,18900.0,"搭配VIMLE頭靠墊，可延伸椅背空間，為頸部提供適當支撐，讓你坐得更舒適
 此沙發柔軟又舒適，且十分耐用，椅墊內含高回彈泡棉，為身體提供適當支撐，起身後可立即恢復原狀
 可用不同方式搭配，符合你對沙發尺寸和形狀的需求；如果需要更大的沙發，可增加單人座或雙人座沙發
 提供10年品質保證；欲知更多細則，請參閱品質保證書
 FARSTA合成皮革椅套，表面有不規則紋路，略帶光澤和平滑質感；含聚胺酯防護塗層，使椅套容易保持乾淨，呈現皮革般質感和外觀
 椅套可用濕布擦拭，常保乾淨"
160,VIMLE,VIMLE_image161.png,322.0,98.0,78.0,32900.0,"FARSTA合成皮革椅套，表面有不規則紋路，略帶光澤和平滑質感；含聚胺酯防護塗層，使椅套容易保持乾淨，呈現皮革般質感和外觀
 此沙發柔軟又舒適，且十分耐用，椅墊內含高回彈泡棉，為身體提供適當支撐，起身後可立即恢復原狀
 躺椅底下有儲物空間，蓋子可保持開啟狀態，方便拿出和放回物品
 可將躺椅放在沙發的左側或右側，隨時變換座椅組合
 提供10年品質保證；欲知更多細則，請參閱品質保證書
 椅套可用濕布擦拭，常保乾淨
 搭配VIMLE頭靠墊，可延伸椅背空間，為頸部提供適當支撐，讓你坐得更舒適"
161,GRÖNLID,GRÖNLID_image162.png,177.0,98.0,78.0,17900.0,"椅墊深，頂層含纖維球，搭配舒適靠墊，使GRÖNLID沙發柔軟又舒適
 可用不同方式搭配，符合你對沙發尺寸和形狀的需求；如果需要更大的沙發，可增加單人座或雙人座沙發
 提供10年品質保證；欲知更多細則，請參閱品質保證書
 KIMSTAD合成皮革椅套採用棉和聚酯纖維混紡製成，柔軟且耐用，表面有聚氨酯保護塗層，容易保持乾淨，擁有如皮革般外觀和質感
 合成皮革椅面，容易清潔；用安裝軟刷的吸塵器清理，再用濕布擦拭乾淨"
162,GRÖNLID,GRÖNLID_image163.png,247.0,98.0,78.0,19900.0,"可用不同方式搭配，符合你對沙發尺寸和形狀的需求；如果需要更大的沙發，可增加單人座或雙人座沙發
 椅墊深，頂層含纖維球，搭配舒適靠墊，使GRÖNLID沙發柔軟又舒適
 提供10年品質保證；欲知更多細則，請參閱品質保證書
 KIMSTAD合成皮革椅套採用棉和聚酯纖維混紡製成，柔軟且耐用，表面有聚氨酯保護塗層，容易保持乾淨，擁有如皮革般外觀和質感
 合成皮革椅面，容易清潔；用安裝軟刷的吸塵器清理，再用濕布擦拭乾淨"
163,VIMLE,VIMLE_image164.png,252.0,98.0,78.0,31090.0,"此沙發柔軟又舒適，且十分耐用，椅墊內含高回彈泡棉，為身體提供適當支撐，起身後可立即恢復原狀
 頭靠墊延伸椅背空間，讓你坐得更舒適，為頸部提供適當支撐
 躺椅底下有儲物空間，蓋子可保持開啟狀態，方便拿出和放回物品
 可將躺椅放在沙發的左側或右側，隨時變換座椅組合
 FARSTA合成皮革椅套，表面有不規則紋路，略帶光澤和平滑質感；含聚胺酯防護塗層，使椅套容易保持乾淨，呈現皮革般質感和外觀
 提供10年品質保證；欲知更多細則，請參閱品質保證書
 椅套可用濕布擦拭，常保乾淨"
164,LIDHULT,LIDHULT_image165.png,369.0,98.0,78.0,73900.0,"提供10年品質保證；欲知更多細則，請參閱品質保證書
 含獨立筒彈簧，可提供適當支撐及貼合身形，讓你坐得舒服；椅墊頂層含纖維球，格外柔軟、舒適；高背和頸部支撐設計，可增添舒適感
 扶手含填充物，讓你舒服地倚靠，或躺下時讓頭靠在上面
 躺椅下方有儲物空間，蓋子可保持開啟狀態，方便拿取、收納物品"
165,LANDSKRONA,LANDSKRONA_image166.png,282.0,89.0,78.0,44800.0,"經常接觸的椅面部分，採用柔軟的全染牛皮表面，厚度1.2公厘，質感平滑
 提供10年品質保證；欲知更多細則，請參閱品質保證書
 其餘表面採用耐用的合成皮革，呈現如皮革般外觀與質感
 可拆式扶手，方便加裝躺椅
 椅墊以高回彈泡棉和聚酯纖維填充，提供絕佳的舒適感"
166,LANDSKRONA,LANDSKRONA_image167.png,282.0,89.0,78.0,44800.0,"經常接觸的椅面部分，採用柔軟的全染牛皮表面，厚度1.2公厘，質感平滑
 提供10年品質保證；欲知更多細則，請參閱品質保證書
 可拆式扶手，方便加裝躺椅
 椅墊以高回彈泡棉和聚酯纖維填充，提供絕佳的舒適感
 其餘表面採用耐用的合成皮革，呈現如皮革般外觀與質感"
167,LANDSKRONA,LANDSKRONA_image168.png,164.0,89.0,78.0,22900.0,"提供10年品質保證；欲知更多細則，請參閱品質保證書
 經常接觸的椅面部分，採用柔軟的全染牛皮表面，厚度1.2公厘，質感平滑
 椅墊以高回彈泡棉和聚酯纖維填充，提供絕佳的舒適感
 其餘表面採用耐用的合成皮革，呈現如皮革般外觀與質感"
168,VIMLE,VIMLE_image169.png,164.0,98.0,78.0,40500.0,"可用不同方式搭配，符合你對沙發尺寸和形狀的需求；如果需要更大的沙發，可增加單人座或雙人座沙發
 此沙發柔軟又舒適，且十分耐用，椅墊內含高回彈泡棉，為身體提供適當支撐，起身後可立即恢復原狀
 底下有儲物空間，可收納小物品
 FARSTA合成皮革椅套，表面有不規則紋路，略帶光澤和平滑質感；含聚胺酯防護塗層，使椅套容易保持乾淨，呈現皮革般質感和外觀
 提供10年品質保證；欲知更多細則，請參閱品質保證書
 椅套可用濕布擦拭，常保乾淨
 搭配VIMLE頭靠墊，可延伸椅背空間，為頸部提供適當支撐，讓你坐得更舒適"
169,LANDSKRONA,LANDSKRONA_image170.png,282.0,89.0,78.0,44800.0,"經常接觸的椅面部分，採用柔軟的全染牛皮表面，厚度1.2公厘，質感平滑
 提供10年品質保證；欲知更多細則，請參閱品質保證書
 可拆式扶手，方便加裝躺椅
 椅墊以高回彈泡棉和聚酯纖維填充，提供絕佳的舒適感
 其餘表面採用耐用的合成皮革，呈現如皮革般外觀與質感"
170,VALLENTUNA,VALLENTUNA_image171.png,186.0,113.0,84.0,25800.0,"VALLENTUNA系列產品皆能單獨或相互搭配，打造專屬的沙發組合
 VALLENTUNA沙發的座椅寬敞，含獨立筒彈簧，可貼合身體曲線，長久保持舒適感
 此沙發組合含1個座椅模組附儲物空間，能讓你快速收納物品，又容易拿取
 MURUM固定式椅套以聚酯纖維製成，表面有聚氨酯保護塗層，質感柔軟又堅實，耐用又容易保養
 椅套可用濕布擦拭，常保乾淨
 提供10年品質保證；欲知更多細則，請參閱品質保證書"
171,VALLENTUNA,VALLENTUNA_image172.png,186.0,113.0,84.0,40800.0,"VALLENTUNA沙發的座椅寬敞，含獨立筒彈簧，可貼合身體曲線，長久保持舒適感
 VALLENTUNA系列產品皆能單獨或相互搭配，打造專屬的沙發組合
 含2張沙發床，可輕鬆轉換成床，隨時讓客人休息
 提供10年品質保證；欲知更多細則，請參閱品質保證書
 MURUM固定式椅套以聚酯纖維製成，表面有聚氨酯保護塗層，質感柔軟又堅實，耐用又容易保養
 椅套可用濕布擦拭，常保乾淨"
172,VALLENTUNA,VALLENTUNA_image173.png,266.0,113.0,84.0,33900.0,"含2個座椅模組附儲物空間，能讓你快速收納物品，也方便拿取
 VALLENTUNA系列產品皆能單獨或相互搭配，打造專屬的沙發組合
 VALLENTUNA沙發的座椅寬敞，含獨立筒彈簧，可貼合身體曲線，長久保持舒適感
 提供10年品質保證；欲知更多細則，請參閱品質保證書
 ORRSTA布套以棉和聚酯纖維混紡製成，略帶紋路，質感柔軟又舒適；紗染布料具有深淺同色效果及純潔、沉靜風格
 MURUM固定式椅套以聚酯纖維製成，表面有聚氨酯保護塗層，質感柔軟又堅實，耐用又容易保養
 含一層可拆下用洗衣機清洗的布料及一層固定式合成皮革，可用濕布擦拭乾淨，使沙發容易保持乾淨"
173,VALLENTUNA,VALLENTUNA_image174.png,266.0,93.0,84.0,55200.0,"VALLENTUNA沙發的座椅寬敞，含獨立筒彈簧，可貼合身體曲線，長久保持舒適感
 VALLENTUNA系列產品皆能單獨或相互搭配，打造專屬的沙發組合
 此沙發組合含1張沙發床，容易轉換成床，讓客人休息
 含3個座椅模組附儲物空間，能讓你快速收納物品，也方便拿取
 MURUM固定式椅套以聚酯纖維製成，表面有聚氨酯保護塗層，質感柔軟又堅實，耐用又容易保養
 椅套可用濕布擦拭，常保乾淨
 提供10年品質保證；欲知更多細則，請參閱品質保證書"
174,LIDHULT,LIDHULT_image175.png,266.0,98.0,84.0,78300.0,"含獨立筒彈簧，可提供適當支撐及貼合身形，讓你坐得舒服；椅墊頂層含纖維球，格外柔軟、舒適；高背和頸部支撐設計，可增添舒適感
 扶手含填充物，讓你舒服地倚靠，或躺下時讓頭靠在上面
 提供10年品質保證；欲知更多細則，請參閱品質保證書"
175,KIVIK,KIVIK_image176.png,318.0,163.0,83.0,54900.0,"經常接觸的椅面部分，採用高品質牛皮表面，厚度1.2公厘，經久使用更顯美觀，呈現漂亮的深色光澤
 座椅寬敞、柔軟又深，能給予背部舒適支撐
 其餘表面採用耐用的合成皮革，呈現如皮革般外觀與質感
 坐墊上層為記憶泡棉；能貼合身體曲線，起身後立即恢復原狀
 可將躺椅放在沙發的左側或右側，隨時變換座椅組合
 附可拆式扶手，方便延伸搭配一張或多張躺椅
 可單獨使用或搭配沙發
 提供10年品質保證；欲知更多細則，請參閱品質保證書"
176,STOCKHOLM,STOCKHOLM_image177.png,211.0,88.0,80.0,69900.0,"苯染皮革表面未經修改，留下天然的紋路，只有一層薄的防護塗層；透氣性佳，保留天然外觀，紋路使每個椅套都是獨一無二
 座椅和靠墊含高回彈泡棉及聚酯纖維，可為身體提供舒適支撐，立即恢復原狀
 提供10年品質保證；欲知更多細則，請參閱品質保證書"
177,VALLENTUNA,VALLENTUNA_image178.png,75.0,88.0,80.0,1200.0," 椅套可用濕布擦拭，常保乾淨
 MURUM固定式椅套以聚酯纖維製成，表面有聚氨酯保護塗層，質感柔軟又堅實，耐用又容易保養
"
178,VALLENTUNA,VALLENTUNA_image179.png,80.0,80.0,45.0,6800.0,"VALLENTUNA沙發的座椅寬敞，含獨立筒彈簧，可貼合身體曲線，長久保持舒適感
 VALLENTUNA系列產品皆能單獨或相互搭配，打造專屬的沙發組合
 提供10年品質保證；欲知更多細則，請參閱品質保證書
 MURUM固定式椅套以聚酯纖維製成，表面有聚氨酯保護塗層，質感柔軟又堅實，耐用又容易保養
 椅套可用濕布擦拭，常保乾淨"
179,LIDHULT,LIDHULT_image180.png,24.0,98.0,55.0,3500.0," 扶手含填充物，讓你舒服地倚靠，或躺下時讓頭靠在上面
"
180,VALLENTUNA,VALLENTUNA_image181.png,266.0,98.0,84.0,35700.0,"VALLENTUNA沙發的座椅寬敞，含獨立筒彈簧，可貼合身體曲線，長久保持舒適感
 VALLENTUNA系列產品皆能單獨或相互搭配，打造專屬的沙發組合
 含2個座椅模組附儲物空間，能讓你快速收納物品，也方便拿取
 HILLARED布套以棉和聚酯纖維混紡，添加黏液嫘縈纖維和亞麻製成；堅韌耐用，表面有清晰紋路，質感柔軟又舒適
 MURUM固定式椅套以聚酯纖維製成，表面有聚氨酯保護塗層，質感柔軟又堅實，耐用又容易保養
 提供10年品質保證；欲知更多細則，請參閱品質保證書
 含一層可拆下用洗衣機清洗的布料及一層固定式合成皮革，可用濕布擦拭乾淨，使沙發容易保持乾淨"
181,LANDSKRONA,LANDSKRONA_image182.png,242.0,98.0,78.0,39800.0,"其餘表面採用耐用的合成皮革，呈現如皮革般外觀與質感
 經常接觸的椅面部分，採用柔軟的全染牛皮表面，厚度1.2公厘，質感平滑
 提供10年品質保證；欲知更多細則，請參閱品質保證書
 椅墊以高回彈泡棉和聚酯纖維填充，提供絕佳的舒適感
 可拆式扶手，方便加裝躺椅"
182,LANDSKRONA,LANDSKRONA_image183.png,360.0,98.0,78.0,61700.0,"其餘表面採用耐用的合成皮革，呈現如皮革般外觀與質感
 經常接觸的椅面部分，採用柔軟的全染牛皮表面，厚度1.2公厘，質感平滑
 椅墊以高回彈泡棉和聚酯纖維填充，提供絕佳的舒適感
 可拆式扶手，方便加裝躺椅
 提供10年品質保證；欲知更多細則，請參閱品質保證書"
183,LANDSKRONA,LANDSKRONA_image184.png,78.0,158.0,78.0,16900.0,"椅墊以高回彈泡棉和聚酯纖維填充，提供絕佳的舒適感
 經常接觸的椅面部分，採用柔軟、光滑的GRANN牛皮表面，堅韌耐用，呈現自然變化；其他表面採用BOMSTAD合成皮革，呈現如皮革般外觀與質感
 提供10年品質保證；欲知更多細則，請參閱品質保證書"
184,GRÖNLID,GRÖNLID_image185.png,78.0,98.0,78.0,45800.0,"可用不同方式搭配，符合你對沙發尺寸和形狀的需求；如果需要更大的沙發，可增加單人座或雙人座沙發
 椅墊深，頂層含纖維球，搭配舒適靠墊，使GRÖNLID沙發柔軟又舒適
 KIMSTAD合成皮革椅套採用棉和聚酯纖維混紡製成，柔軟且耐用，表面有聚氨酯保護塗層，容易保持乾淨，擁有如皮革般外觀和質感
 合成皮革椅面，容易清潔；用安裝軟刷的吸塵器清理，再用濕布擦拭乾淨
 提供10年品質保證；欲知更多細則，請參閱品質保證書"
185,LANDSKRONA,LANDSKRONA_image186.png,282.0,98.0,78.0,44800.0,"經常接觸的椅面部分，採用柔軟的全染牛皮表面，厚度1.2公厘，質感平滑
 其餘表面採用耐用的合成皮革，呈現如皮革般外觀與質感
 椅墊以高回彈泡棉和聚酯纖維填充，提供絕佳的舒適感
 可拆式扶手，方便加裝躺椅
 提供10年品質保證；欲知更多細則，請參閱品質保證書"
186,VIMLE,VIMLE_image187.png,252.0,98.0,78.0,31090.0,"躺椅底下有儲物空間，蓋子可保持開啟狀態，方便拿出和放回物品
 此沙發柔軟又舒適，且十分耐用，椅墊內含高回彈泡棉，為身體提供適當支撐，起身後可立即恢復原狀
 頭靠墊延伸椅背空間，讓你坐得更舒適，為頸部提供適當支撐
 可將躺椅放在沙發的左側或右側，隨時變換座椅組合
 FARSTA合成皮革椅套，表面有不規則紋路，略帶光澤和平滑質感；含聚胺酯防護塗層，使椅套容易保持乾淨，呈現皮革般質感和外觀
 提供10年品質保證；欲知更多細則，請參閱品質保證書
 椅套可用濕布擦拭，常保乾淨"
187,VIMLE,VIMLE_image188.png,252.0,98.0,78.0,46780.0,"頭靠墊延伸椅背空間，讓你坐得更舒適，為頸部提供適當支撐
 此沙發柔軟又舒適，且十分耐用，椅墊內含高回彈泡棉，為身體提供適當支撐，起身後可立即恢復原狀
 底下有儲物空間，可收納小物品
 提供10年品質保證；欲知更多細則，請參閱品質保證書
 FARSTA合成皮革椅套，表面有不規則紋路，略帶光澤和平滑質感；含聚胺酯防護塗層，使椅套容易保持乾淨，呈現皮革般質感和外觀
 椅套可用濕布擦拭，常保乾淨"
188,LANDSKRONA,LANDSKRONA_image189.png,78.0,158.0,78.0,16900.0,"椅墊以高回彈泡棉和聚酯纖維填充，提供絕佳的舒適感
 經常接觸的椅面部分，採用柔軟的全染牛皮表面，厚度1.2公厘，質感平滑
 其餘表面採用耐用的合成皮革，呈現如皮革般外觀與質感
 提供10年品質保證；欲知更多細則，請參閱品質保證書"
189,VALLENTUNA,VALLENTUNA_image190.png,273.0,93.0,84.0,37000.0,"含2個座椅模組附儲物空間，能讓你快速收納物品，也方便拿取
 VALLENTUNA系列產品皆能單獨或相互搭配，打造專屬的沙發組合
 VALLENTUNA沙發的座椅寬敞，含獨立筒彈簧，可貼合身體曲線，長久保持舒適感
 MURUM固定式椅套以聚酯纖維製成，表面有聚氨酯保護塗層，質感柔軟又堅實，耐用又容易保養
 椅套可用濕布擦拭，常保乾淨
 提供10年品質保證；欲知更多細則，請參閱品質保證書"
190,LANDSKRONA,LANDSKRONA_image191.png,78.0,158.0,78.0,16900.0,"椅墊以高回彈泡棉和聚酯纖維填充，提供絕佳的舒適感
 經常接觸的椅面部分，採用柔軟的全染牛皮表面，厚度1.2公厘，質感平滑
 其餘表面採用耐用的合成皮革，呈現如皮革般外觀與質感
 提供10年品質保證；欲知更多細則，請參閱品質保證書"
191,LANDSKRONA,LANDSKRONA_image192.png,360.0,158.0,78.0,61700.0,"其餘表面採用耐用的合成皮革，呈現如皮革般外觀與質感
 經常接觸的椅面部分，採用柔軟的全染牛皮表面，厚度1.2公厘，質感平滑
 椅墊以高回彈泡棉和聚酯纖維填充，提供絕佳的舒適感
 可拆式扶手，方便加裝躺椅
 提供10年品質保證；欲知更多細則，請參閱品質保證書"
192,KIVIK,KIVIK_image193.png,90.0,163.0,83.0,20000.0,"經常接觸的椅面部分，採用高品質牛皮表面，厚度1.2公厘，經久使用更顯美觀，呈現漂亮的深色光澤
 座椅寬敞、柔軟又深，能給予背部舒適支撐
 其餘表面採用耐用的合成皮革，呈現如皮革般外觀與質感
 可單獨使用或搭配沙發
 經常接觸的椅面部分，採用柔軟、光滑的GRANN牛皮表面，堅韌耐用，呈現自然變化；其他表面採用BOMSTAD合成皮革，呈現如皮革般外觀與質感
 坐墊頂層為記憶泡棉，能貼合身體曲線，起身後即可恢復原狀
 提供10年品質保證；欲知更多細則，請參閱品質保證書"
193,VALLENTUNA,VALLENTUNA_image194.png,186.0,113.0,84.0,25800.0,"VALLENTUNA系列產品皆能單獨或相互搭配，打造專屬的沙發組合
 VALLENTUNA沙發的座椅寬敞，含獨立筒彈簧，可貼合身體曲線，長久保持舒適感
 此沙發組合含1個座椅模組附儲物空間，能讓你快速收納物品，又容易拿取
 MURUM固定式椅套以聚酯纖維製成，表面有聚氨酯保護塗層，質感柔軟又堅實，耐用又容易保養
 椅套可用濕布擦拭，常保乾淨
 提供10年品質保證；欲知更多細則，請參閱品質保證書"
194,VALLENTUNA,VALLENTUNA_image195.png,186.0,113.0,84.0,40800.0,"VALLENTUNA沙發的座椅寬敞，含獨立筒彈簧，可貼合身體曲線，長久保持舒適感
 VALLENTUNA系列產品皆能單獨或相互搭配，打造專屬的沙發組合
 含2張沙發床，可輕鬆轉換成床，隨時讓客人休息
 提供10年品質保證；欲知更多細則，請參閱品質保證書
 MURUM固定式椅套以聚酯纖維製成，表面有聚氨酯保護塗層，質感柔軟又堅實，耐用又容易保養
 椅套可用濕布擦拭，常保乾淨"
195,VALLENTUNA,VALLENTUNA_image196.png,266.0,113.0,84.0,33900.0,"含2個座椅模組附儲物空間，能讓你快速收納物品，也方便拿取
 VALLENTUNA系列產品皆能單獨或相互搭配，打造專屬的沙發組合
 VALLENTUNA沙發的座椅寬敞，含獨立筒彈簧，可貼合身體曲線，長久保持舒適感
 提供10年品質保證；欲知更多細則，請參閱品質保證書
 ORRSTA布套以棉和聚酯纖維混紡製成，略帶紋路，質感柔軟又舒適；紗染布料具有深淺同色效果及純潔、沉靜風格
 MURUM固定式椅套以聚酯纖維製成，表面有聚氨酯保護塗層，質感柔軟又堅實，耐用又容易保養
 含一層可拆下用洗衣機清洗的布料及一層固定式合成皮革，可用濕布擦拭乾淨，使沙發容易保持乾淨"
196,VALLENTUNA,VALLENTUNA_image197.png,266.0,93.0,84.0,55200.0,"VALLENTUNA沙發的座椅寬敞，含獨立筒彈簧，可貼合身體曲線，長久保持舒適感
 VALLENTUNA系列產品皆能單獨或相互搭配，打造專屬的沙發組合
 此沙發組合含1張沙發床，容易轉換成床，讓客人休息
 含3個座椅模組附儲物空間，能讓你快速收納物品，也方便拿取
 MURUM固定式椅套以聚酯纖維製成，表面有聚氨酯保護塗層，質感柔軟又堅實，耐用又容易保養
 椅套可用濕布擦拭，常保乾淨
 提供10年品質保證；欲知更多細則，請參閱品質保證書"
197,KIVIK,KIVIK_image198.png,318.0,163.0,83.0,54900.0,"經常接觸的椅面部分，採用高品質牛皮表面，厚度1.2公厘，經久使用更顯美觀，呈現漂亮的深色光澤
 座椅寬敞、柔軟又深，能給予背部舒適支撐
 其餘表面採用耐用的合成皮革，呈現如皮革般外觀與質感
 坐墊上層為記憶泡棉；能貼合身體曲線，起身後立即恢復原狀
 可將躺椅放在沙發的左側或右側，隨時變換座椅組合
 附可拆式扶手，方便延伸搭配一張或多張躺椅
 可單獨使用或搭配沙發
 提供10年品質保證；欲知更多細則，請參閱品質保證書"
198,STOCKHOLM,STOCKHOLM_image199.png,211.0,88.0,80.0,69900.0,"苯染皮革表面未經修改，留下天然的紋路，只有一層薄的防護塗層；透氣性佳，保留天然外觀，紋路使每個椅套都是獨一無二
 座椅和靠墊含高回彈泡棉及聚酯纖維，可為身體提供舒適支撐，立即恢復原狀
 提供10年品質保證；欲知更多細則，請參閱品質保證書"
199,VALLENTUNA,VALLENTUNA_image200.png,75.0,88.0,80.0,1200.0," 椅套可用濕布擦拭，常保乾淨
 MURUM固定式椅套以聚酯纖維製成，表面有聚氨酯保護塗層，質感柔軟又堅實，耐用又容易保養
"
200,VALLENTUNA,VALLENTUNA_image201.png,80.0,80.0,45.0,6800.0,"VALLENTUNA沙發的座椅寬敞，含獨立筒彈簧，可貼合身體曲線，長久保持舒適感
 VALLENTUNA系列產品皆能單獨或相互搭配，打造專屬的沙發組合
 提供10年品質保證；欲知更多細則，請參閱品質保證書
 MURUM固定式椅套以聚酯纖維製成，表面有聚氨酯保護塗層，質感柔軟又堅實，耐用又容易保養
 椅套可用濕布擦拭，常保乾淨"
201,LIDHULT,LIDHULT_image202.png,24.0,98.0,55.0,3500.0," 扶手含填充物，讓你舒服地倚靠，或躺下時讓頭靠在上面
"
202,LANDSKRONA,LANDSKRONA_image203.png,242.0,98.0,78.0,39800.0,"其餘表面採用耐用的合成皮革，呈現如皮革般外觀與質感
 經常接觸的椅面部分，採用柔軟的全染牛皮表面，厚度1.2公厘，質感平滑
 提供10年品質保證；欲知更多細則，請參閱品質保證書
 椅墊以高回彈泡棉和聚酯纖維填充，提供絕佳的舒適感
 可拆式扶手，方便加裝躺椅"
203,LANDSKRONA,LANDSKRONA_image204.png,360.0,98.0,78.0,61700.0,"其餘表面採用耐用的合成皮革，呈現如皮革般外觀與質感
 經常接觸的椅面部分，採用柔軟的全染牛皮表面，厚度1.2公厘，質感平滑
 椅墊以高回彈泡棉和聚酯纖維填充，提供絕佳的舒適感
 可拆式扶手，方便加裝躺椅
 提供10年品質保證；欲知更多細則，請參閱品質保證書"
204,LANDSKRONA,LANDSKRONA_image205.png,78.0,158.0,78.0,16900.0,"椅墊以高回彈泡棉和聚酯纖維填充，提供絕佳的舒適感
 經常接觸的椅面部分，採用柔軟、光滑的GRANN牛皮表面，堅韌耐用，呈現自然變化；其他表面採用BOMSTAD合成皮革，呈現如皮革般外觀與質感
 提供10年品質保證；欲知更多細則，請參閱品質保證書"
205,GRÖNLID,GRÖNLID_image206.png,78.0,98.0,78.0,45800.0,"可用不同方式搭配，符合你對沙發尺寸和形狀的需求；如果需要更大的沙發，可增加單人座或雙人座沙發
 椅墊深，頂層含纖維球，搭配舒適靠墊，使GRÖNLID沙發柔軟又舒適
 KIMSTAD合成皮革椅套採用棉和聚酯纖維混紡製成，柔軟且耐用，表面有聚氨酯保護塗層，容易保持乾淨，擁有如皮革般外觀和質感
 合成皮革椅面，容易清潔；用安裝軟刷的吸塵器清理，再用濕布擦拭乾淨
 提供10年品質保證；欲知更多細則，請參閱品質保證書"
206,VIMLE,VIMLE_image207.png,252.0,98.0,78.0,31090.0,"躺椅底下有儲物空間，蓋子可保持開啟狀態，方便拿出和放回物品
 此沙發柔軟又舒適，且十分耐用，椅墊內含高回彈泡棉，為身體提供適當支撐，起身後可立即恢復原狀
 頭靠墊延伸椅背空間，讓你坐得更舒適，為頸部提供適當支撐
 可將躺椅放在沙發的左側或右側，隨時變換座椅組合
 FARSTA合成皮革椅套，表面有不規則紋路，略帶光澤和平滑質感；含聚胺酯防護塗層，使椅套容易保持乾淨，呈現皮革般質感和外觀
 提供10年品質保證；欲知更多細則，請參閱品質保證書
 椅套可用濕布擦拭，常保乾淨"
207,VIMLE,VIMLE_image208.png,252.0,98.0,78.0,46780.0,"頭靠墊延伸椅背空間，讓你坐得更舒適，為頸部提供適當支撐
 此沙發柔軟又舒適，且十分耐用，椅墊內含高回彈泡棉，為身體提供適當支撐，起身後可立即恢復原狀
 底下有儲物空間，可收納小物品
 提供10年品質保證；欲知更多細則，請參閱品質保證書
 FARSTA合成皮革椅套，表面有不規則紋路，略帶光澤和平滑質感；含聚胺酯防護塗層，使椅套容易保持乾淨，呈現皮革般質感和外觀
 椅套可用濕布擦拭，常保乾淨"
208,LANDSKRONA,LANDSKRONA_image209.png,78.0,158.0,78.0,16900.0,"椅墊以高回彈泡棉和聚酯纖維填充，提供絕佳的舒適感
 經常接觸的椅面部分，採用柔軟的全染牛皮表面，厚度1.2公厘，質感平滑
 其餘表面採用耐用的合成皮革，呈現如皮革般外觀與質感
 提供10年品質保證；欲知更多細則，請參閱品質保證書"
209,LANDSKRONA,LANDSKRONA_image210.png,78.0,158.0,78.0,16900.0,"椅墊以高回彈泡棉和聚酯纖維填充，提供絕佳的舒適感
 經常接觸的椅面部分，採用柔軟的全染牛皮表面，厚度1.2公厘，質感平滑
 其餘表面採用耐用的合成皮革，呈現如皮革般外觀與質感
 提供10年品質保證；欲知更多細則，請參閱品質保證書"
210,LANDSKRONA,LANDSKRONA_image211.png,360.0,158.0,78.0,61700.0,"其餘表面採用耐用的合成皮革，呈現如皮革般外觀與質感
 經常接觸的椅面部分，採用柔軟的全染牛皮表面，厚度1.2公厘，質感平滑
 椅墊以高回彈泡棉和聚酯纖維填充，提供絕佳的舒適感
 可拆式扶手，方便加裝躺椅
 提供10年品質保證；欲知更多細則，請參閱品質保證書"
211,VALLENTUNA,VALLENTUNA_image212.png,113.0,93.0,84.0,20400.0,"此沙發組合含1張沙發床，容易轉換成床，讓客人休息
 VALLENTUNA系列產品皆能單獨或相互搭配，打造專屬的沙發組合
 VALLENTUNA沙發的座椅寬敞，含獨立筒彈簧，可貼合身體曲線，長久保持舒適感
 MURUM固定式椅套以聚酯纖維製成，表面有聚氨酯保護塗層，質感柔軟又堅實，耐用又容易保養
 椅套可用濕布擦拭，常保乾淨
 提供10年品質保證；欲知更多細則，請參閱品質保證書"
212,VALLENTUNA,VALLENTUNA_image213.png,273.0,93.0,84.0,37000.0,"VALLENTUNA沙發的座椅寬敞，含獨立筒彈簧，可貼合身體曲線，長久保持舒適感
 VALLENTUNA系列產品皆能單獨或相互搭配，打造專屬的沙發組合
 含2個座椅模組附儲物空間，能讓你快速收納物品，也方便拿取
 MURUM固定式椅套以聚酯纖維製成，表面有聚氨酯保護塗層，質感柔軟又堅實，耐用又容易保養
 椅套可用濕布擦拭，常保乾淨
 提供10年品質保證；欲知更多細則，請參閱品質保證書"
213,KIVIK,KIVIK_image214.png,190.0,95.0,83.0,29900.0,"經常接觸的椅面部分，採用柔軟、光滑的GRANN牛皮表面，堅韌耐用，呈現自然變化；其他表面採用BOMSTAD合成皮革，呈現如皮革般外觀與質感
 座椅寬敞、柔軟又深，能給予背部舒適支撐
 提供10年品質保證；欲知更多細則，請參閱品質保證書
 坐墊上層為記憶泡棉；能貼合身體曲線，起身後立即恢復原狀
 附可拆式扶手，方便延伸搭配一張或多張躺椅
 扶手寬又長，填料厚實，可當作額外座椅，躺臥時也能提供舒適支撐"
214,VIMLE,VIMLE_image215.png,81.0,164.0,80.0,11000.0," FARSTA合成皮革椅套，表面有不規則紋路，略帶光澤和平滑質感；含聚胺酯防護塗層，使椅套容易保持乾淨，呈現皮革般質感和外觀
 椅套可用濕布擦拭，常保乾淨
 躺椅底下有儲物空間，蓋子可保持開啟狀態，方便拿出和放回物品
"
215,VIMLE,VIMLE_image216.png,211.0,98.0,80.0,16900.0," 椅套可用濕布擦拭，常保乾淨
 FARSTA合成皮革椅套，表面有不規則紋路，略帶光澤和平滑質感；含聚胺酯防護塗層，使椅套容易保持乾淨，呈現皮革般質感和外觀
"
216,VIMLE,VIMLE_image217.png,15.0,93.0,61.0,2500.0," FARSTA合成皮革椅套，表面有不規則紋路，略帶光澤和平滑質感；含聚胺酯防護塗層，使椅套容易保持乾淨，呈現皮革般質感和外觀
 椅套可用濕布擦拭，常保乾淨
"
217,GRÖNLID,GRÖNLID_image218.png,18.0,93.0,61.0,2000.0," 椅套可用濕布擦拭，常保乾淨
 KIMSTAD合成皮革椅套採用棉和聚酯纖維混紡製成，柔軟且耐用，表面有聚氨酯保護塗層，容易保持乾淨，擁有如皮革般外觀和質感
"
218,VALLENTUNA,VALLENTUNA_image219.png,80.0,13.0,60.0,2400.0,"椅套可用濕布擦拭，常保乾淨
 MURUM固定式椅套以聚酯纖維製成，表面有聚氨酯保護塗層，質感柔軟又堅實，耐用又容易保養
 提供10年品質保證；欲知更多細則，請參閱品質保證書"
219,GRÖNLID,GRÖNLID_image220.png,80.0,98.0,60.0,48800.0,"可用不同方式搭配，符合你對沙發尺寸和形狀的需求；如果需要更大的沙發，可增加單人座或雙人座沙發
 椅墊深，頂層含纖維球，搭配舒適靠墊，使GRÖNLID沙發柔軟又舒適
 底下有儲物空間，可收納小物品
 KIMSTAD合成皮革椅套採用棉和聚酯纖維混紡製成，柔軟且耐用，表面有聚氨酯保護塗層，容易保持乾淨，擁有如皮革般外觀和質感
 提供10年品質保證；欲知更多細則，請參閱品質保證書
 合成皮革椅面，容易清潔；用安裝軟刷的吸塵器清理，再用濕布擦拭乾淨"
220,VIMLE,VIMLE_image221.png,80.0,98.0,60.0,46780.0,"頭靠墊延伸椅背空間，讓你坐得更舒適，為頸部提供適當支撐
 此沙發柔軟又舒適，且十分耐用，椅墊內含高回彈泡棉，為身體提供適當支撐，起身後可立即恢復原狀
 底下有儲物空間，可收納小物品
 提供10年品質保證；欲知更多細則，請參閱品質保證書
 FARSTA合成皮革椅套，表面有不規則紋路，略帶光澤和平滑質感；含聚胺酯防護塗層，使椅套容易保持乾淨，呈現皮革般質感和外觀
 椅套可用濕布擦拭，常保乾淨"
221,LIDHULT,LIDHULT_image222.png,119.0,98.0,60.0,19500.0,"提供10年品質保證；欲知更多細則，請參閱品質保證書
 含獨立筒彈簧，可貼合身形，提供適當支撐，讓你坐得舒服；頂層含纖維球，座椅質感柔軟又舒適；高椅背和頸部支撐設計，可增添舒適感
 扶手含填充物，讓你舒服地倚靠，或躺下時讓頭靠在上面"
222,LANDSKRONA,LANDSKRONA_image223.png,242.0,98.0,78.0,39800.0,"經常接觸的椅面部分，採用柔軟的全染牛皮表面，厚度1.2公厘，質感平滑
 提供10年品質保證；欲知更多細則，請參閱品質保證書
 可拆式扶手，方便加裝躺椅
 椅墊以高回彈泡棉和聚酯纖維填充，提供絕佳的舒適感
 其餘表面採用耐用的合成皮革，呈現如皮革般外觀與質感"
223,VALLENTUNA,VALLENTUNA_image224.png,186.0,113.0,84.0,30800.0,"MURUM固定式椅套以聚酯纖維製成，表面有聚氨酯保護塗層，質感柔軟又堅實，耐用又容易保養
 VALLENTUNA系列產品皆能單獨或相互搭配，打造專屬的沙發組合
 VALLENTUNA沙發的座椅寬敞，含獨立筒彈簧，可貼合身體曲線，長久保持舒適感
 椅套可用濕布擦拭，常保乾淨
 提供10年品質保證；欲知更多細則，請參閱品質保證書"
224,VALLENTUNA,VALLENTUNA_image225.png,266.0,113.0,84.0,36000.0,"VALLENTUNA沙發的座椅寬敞，含獨立筒彈簧，可貼合身體曲線，長久保持舒適感
 VALLENTUNA系列產品皆能單獨或相互搭配，打造專屬的沙發組合
 含2個座椅模組附儲物空間，能讓你快速收納物品，也方便拿取
 提供10年品質保證；欲知更多細則，請參閱品質保證書
 ORRSTA布套以棉和聚酯纖維混紡製成，略帶紋路，質感柔軟又舒適；紗染布料具有深淺同色效果及純潔、沉靜風格
 MURUM固定式椅套以聚酯纖維製成，表面有聚氨酯保護塗層，質感柔軟又堅實，耐用又容易保養
 含一層可拆下用洗衣機清洗的布料及一層固定式合成皮革，可用濕布擦拭乾淨，使沙發容易保持乾淨"
225,KIVIK,KIVIK_image226.png,90.0,163.0,83.0,20000.0,"經常接觸的椅面部分，採用高品質牛皮表面，厚度1.2公厘，經久使用更顯美觀，呈現漂亮的深色光澤
 座椅寬敞、柔軟又深，能給予背部舒適支撐
 其餘表面採用耐用的合成皮革，呈現如皮革般外觀與質感
 可單獨使用或搭配沙發
 經常接觸的椅面部分，採用柔軟、光滑的GRANN牛皮表面，堅韌耐用，呈現自然變化；其他表面採用BOMSTAD合成皮革，呈現如皮革般外觀與質感
 坐墊頂層為記憶泡棉，能貼合身體曲線，起身後即可恢復原狀
 提供10年品質保證；欲知更多細則，請參閱品質保證書"
226,VALLENTUNA,VALLENTUNA_image227.png,100.0,13.0,80.0,3200.0,"提供10年品質保證；欲知更多細則，請參閱品質保證書
 MURUM固定式椅套以聚酯纖維製成，表面有聚氨酯保護塗層，質感柔軟又堅實，耐用又容易保養
 椅套可用濕布擦拭，常保乾淨"
227,GRÖNLID,GRÖNLID_image228.png,71.0,94.0,80.0,8900.0," 椅套可用濕布擦拭，常保乾淨
 KIMSTAD合成皮革椅套採用棉和聚酯纖維混紡製成，柔軟且耐用，表面有聚氨酯保護塗層，容易保持乾淨，擁有如皮革般外觀和質感
"
228,VIMLE,VIMLE_image229.png,227.0,98.0,80.0,24400.0,"FARSTA合成皮革椅套，表面有不規則紋路，略帶光澤和平滑質感；含聚胺酯防護塗層，使椅套容易保持乾淨，呈現皮革般質感和外觀
 底下有儲物空間，可收納小物品
 此沙發柔軟又舒適，且十分耐用，椅墊內含高回彈泡棉，為身體提供適當支撐，起身後可立即恢復原狀
 搭配VIMLE頭靠墊，可延伸椅背空間，為頸部提供適當支撐，讓你坐得更舒適
 提供10年品質保證；欲知更多細則，請參閱品質保證書
 椅套可用濕布擦拭，常保乾淨"
229,VIMLE,VIMLE_image230.png,227.0,98.0,80.0,24400.0,"FARSTA合成皮革椅套，表面有不規則紋路，略帶光澤和平滑質感；含聚胺酯防護塗層，使椅套容易保持乾淨，呈現皮革般質感和外觀
 底下有儲物空間，可收納小物品
 此沙發柔軟又舒適，且十分耐用，椅墊內含高回彈泡棉，為身體提供適當支撐，起身後可立即恢復原狀
 椅套可用濕布擦拭，常保乾淨
 提供10年品質保證；欲知更多細則，請參閱品質保證書
 搭配VIMLE頭靠墊，可延伸椅背空間，為頸部提供適當支撐，讓你坐得更舒適"
230,VIMLE,VIMLE_image231.png,227.0,98.0,80.0,53800.0,"提供10年品質保證；欲知更多細則，請參閱品質保證書
 此沙發柔軟又舒適，且十分耐用，椅墊內含高回彈泡棉，為身體提供適當支撐，起身後可立即恢復原狀
 椅套可用濕布擦拭，常保乾淨
 躺椅底下有儲物空間，蓋子可保持開啟狀態，方便拿出和放回物品
 可將躺椅放在沙發的左側或右側，隨時變換座椅組合
 FARSTA合成皮革椅套，表面有不規則紋路，略帶光澤和平滑質感；含聚胺酯防護塗層，使椅套容易保持乾淨，呈現皮革般質感和外觀
 搭配VIMLE頭靠墊，可延伸椅背空間，為頸部提供適當支撐，讓你坐得更舒適"
231,VIMLE,VIMLE_image232.png,227.0,98.0,80.0,45800.0,"可用不同方式搭配，符合你對沙發尺寸和形狀的需求；如果需要更大的沙發，可增加單人座或雙人座沙發
 此沙發柔軟又舒適，且十分耐用，椅墊內含高回彈泡棉，為身體提供適當支撐，起身後可立即恢復原狀
 FARSTA合成皮革椅套，表面有不規則紋路，略帶光澤和平滑質感；含聚胺酯防護塗層，使椅套容易保持乾淨，呈現皮革般質感和外觀
 搭配VIMLE頭靠墊，可延伸椅背空間，為頸部提供適當支撐，讓你坐得更舒適
 提供10年品質保證；欲知更多細則，請參閱品質保證書
 椅套可用濕布擦拭，常保乾淨"
232,GRÖNLID,GRÖNLID_image233.png,227.0,98.0,80.0,43800.0,"椅墊深，頂層含纖維球，搭配舒適靠墊，使GRÖNLID沙發柔軟又舒適
 可用不同方式搭配，符合你對沙發尺寸和形狀的需求；如果需要更大的沙發，可增加單人座或雙人座沙發
 底下有儲物空間，可收納小物品
 KIMSTAD合成皮革椅套採用棉和聚酯纖維混紡製成，柔軟且耐用，表面有聚氨酯保護塗層，容易保持乾淨，擁有如皮革般外觀和質感
 合成皮革椅面，容易清潔；用安裝軟刷的吸塵器清理，再用濕布擦拭乾淨
 提供10年品質保證；欲知更多細則，請參閱品質保證書"
233,LIDHULT,LIDHULT_image234.png,189.0,98.0,80.0,33900.0,"提供10年品質保證；欲知更多細則，請參閱品質保證書
 含獨立筒彈簧，可提供適當支撐及貼合身形，讓你坐得舒服；椅墊頂層含纖維球，格外柔軟、舒適；高背和頸部支撐設計，可增添舒適感
 扶手含填充物，讓你舒服地倚靠，或躺下時讓頭靠在上面"
234,LIDHULT,LIDHULT_image235.png,138.0,160.0,80.0,27000.0,"提供10年品質保證；欲知更多細則，請參閱品質保證書
 含獨立筒彈簧，可貼合身形，提供適當支撐，讓你坐得舒服；頂層含纖維球，躺椅質感柔軟又舒適；高椅背和頸部支撐設計，可增添舒適感
 扶手含填充物，讓你舒服地倚靠，或躺下時讓頭靠在上面
 座椅底下有儲物空間，可移開蓋子，方便放入和拿出物品"
235,LANDSKRONA,LANDSKRONA_image236.png,360.0,160.0,78.0,61700.0,"其餘表面採用耐用的合成皮革，呈現如皮革般外觀與質感
 經常接觸的椅面部分，採用柔軟的全染牛皮表面，厚度1.2公厘，質感平滑
 椅墊以高回彈泡棉和聚酯纖維填充，提供絕佳的舒適感
 可拆式扶手，方便加裝躺椅
 提供10年品質保證；欲知更多細則，請參閱品質保證書"
236,LANDSKRONA,LANDSKRONA_image237.png,78.0,158.0,78.0,16900.0,"椅墊以高回彈泡棉和聚酯纖維填充，提供絕佳的舒適感
 經常接觸的椅面部分，採用柔軟的全染牛皮表面，厚度1.2公厘，質感平滑
 其餘表面採用耐用的合成皮革，呈現如皮革般外觀與質感
 提供10年品質保證；欲知更多細則，請參閱品質保證書"
237,LANDSKRONA,LANDSKRONA_image238.png,164.0,89.0,78.0,22900.0,"椅墊以高回彈泡棉和聚酯纖維填充，提供絕佳的舒適感
 經常接觸的椅面部分，採用柔軟的全染牛皮表面，厚度1.2公厘，質感平滑
 其餘表面採用耐用的合成皮革，呈現如皮革般外觀與質感
 提供10年品質保證；欲知更多細則，請參閱品質保證書"
238,LANDSKRONA,LANDSKRONA_image239.png,242.0,89.0,78.0,39800.0,"可拆式扶手，方便加裝躺椅
 提供10年品質保證；欲知更多細則，請參閱品質保證書
 經常接觸的椅面部分，採用柔軟的全染牛皮表面，厚度1.2公厘，質感平滑
 椅墊以高回彈泡棉和聚酯纖維填充，提供絕佳的舒適感
 其餘表面採用耐用的合成皮革，呈現如皮革般外觀與質感"
239,LANDSKRONA,LANDSKRONA_image240.png,360.0,89.0,78.0,61700.0,"其餘表面採用耐用的合成皮革，呈現如皮革般外觀與質感
 經常接觸的椅面部分，採用柔軟的全染牛皮表面，厚度1.2公厘，質感平滑
 椅墊以高回彈泡棉和聚酯纖維填充，提供絕佳的舒適感
 可拆式扶手，方便加裝躺椅
 提供10年品質保證；欲知更多細則，請參閱品質保證書"
240,LIDHULT,LIDHULT_image241.png,360.0,98.0,78.0,70300.0,"提供10年品質保證；欲知更多細則，請參閱品質保證書
 含獨立筒彈簧，可提供適當支撐及貼合身形，讓你坐得舒服；椅墊頂層含纖維球，格外柔軟、舒適；高背和頸部支撐設計，可增添舒適感
 扶手含填充物，讓你舒服地倚靠，或躺下時讓頭靠在上面
 座椅底下有額外的儲物空間，可收納蓋毯或其他物品，方便拿取"
241,VALLENTUNA,VALLENTUNA_image242.png,360.0,93.0,84.0,50200.0,"含3個座椅模組附儲物空間，能讓你快速收納物品，也方便拿取
 VALLENTUNA系列產品皆能單獨或相互搭配，打造專屬的沙發組合
 VALLENTUNA沙發的座椅寬敞，含獨立筒彈簧，可貼合身體曲線，長久保持舒適感
 MURUM固定式椅套以聚酯纖維製成，表面有聚氨酯保護塗層，質感柔軟又堅實，耐用又容易保養
 椅套可用濕布擦拭，常保乾淨
 提供10年品質保證；欲知更多細則，請參閱品質保證書"
242,KIVIK,KIVIK_image243.png,227.0,95.0,83.0,34900.0,"經常接觸的椅面部分，採用柔軟、光滑的GRANN牛皮表面，堅韌耐用，呈現自然變化；其他表面採用BOMSTAD合成皮革，呈現如皮革般外觀與質感
 座椅寬敞、柔軟又深，能給予背部舒適支撐
 坐墊上層為記憶泡棉；能貼合身體曲線，起身後立即恢復原狀
 附可拆式扶手，方便延伸搭配一張或多張躺椅
 扶手寬又長，填料厚實，可當作額外座椅，躺臥時也能提供舒適支撐
 提供10年品質保證；欲知更多細則，請參閱品質保證書"
243,STOCKHOLM,STOCKHOLM_image244.png,211.0,88.0,80.0,69900.0,"苯染皮革表面未經修改，留下天然的紋路，只有一層薄的防護塗層；透氣性佳，保留天然外觀，紋路使每個椅套都是獨一無二
 座椅和靠墊含高回彈泡棉及聚酯纖維，可為身體提供舒適支撐，立即恢復原狀
 提供10年品質保證；欲知更多細則，請參閱品質保證書"
244,VIMLE,VIMLE_image245.png,71.0,98.0,80.0,10000.0," 椅套可用濕布擦拭，常保乾淨
 FARSTA合成皮革椅套，表面有不規則紋路，略帶光澤和平滑質感；含聚胺酯防護塗層，使椅套容易保持乾淨，呈現皮革般質感和外觀
"
245,VIMLE,VIMLE_image246.png,71.0,98.0,80.0,10000.0," 椅套可用濕布擦拭，常保乾淨
 FARSTA合成皮革椅套，表面有不規則紋路，略帶光澤和平滑質感；含聚胺酯防護塗層，使椅套容易保持乾淨，呈現皮革般質感和外觀
"
246,VIMLE,VIMLE_image247.png,15.0,93.0,61.0,2500.0," 椅套可用濕布擦拭，常保乾淨
 FARSTA合成皮革椅套，表面有不規則紋路，略帶光澤和平滑質感；含聚胺酯防護塗層，使椅套容易保持乾淨，呈現皮革般質感和外觀
"
247,GRÖNLID,GRÖNLID_image248.png,81.0,164.0,61.0,10000.0,"提供10年品質保證；欲知更多細則，請參閱品質保證書
 KIMSTAD合成皮革椅套採用棉和聚酯纖維混紡製成，柔軟且耐用，表面有聚氨酯保護塗層，容易保持乾淨，擁有如皮革般外觀和質感
 合成皮革椅面，容易清潔；用安裝軟刷的吸塵器清理，再用濕布擦拭乾淨"
248,GRÖNLID,GRÖNLID_image249.png,73.0,164.0,49.0,12000.0,"KIMSTAD合成皮革椅套採用棉和聚酯纖維混紡製成，柔軟且耐用，表面有聚氨酯保護塗層，容易保持乾淨，擁有如皮革般外觀和質感
 底下有儲物空間，可收納小物品
 合成皮革椅面，容易清潔；用安裝軟刷的吸塵器清理，再用濕布擦拭乾淨
 提供10年品質保證；欲知更多細則，請參閱品質保證書"
249,LIDHULT,LIDHULT_image250.png,71.0,98.0,49.0,12500.0," 含獨立筒彈簧，可提供適當支撐及貼合身形，讓你坐得舒服；椅墊頂層含纖維球，格外柔軟、舒適；高背和頸部支撐設計，可增添舒適感
"
250,LIDHULT,LIDHULT_image251.png,71.0,98.0,49.0,9900.0," 含獨立筒彈簧，可提供適當支撐及貼合身形，讓你坐得舒服；椅墊頂層含纖維球，格外柔軟、舒適；高背和頸部支撐設計，可增添舒適感
"
251,TOMBÄCK,TOMBÄCK_image252.png,185.0,102.0,98.0,27900.0," 活動式座椅和可調整背部角度;可依個 人需要調整姿勢
 椅墊以高回彈泡棉和聚酯纖維填充，提供絕佳的舒適感
"
252,GRÖNLID,GRÖNLID_image253.png,339.0,98.0,98.0,37900.0,"椅墊深，頂層含纖維球，搭配舒適靠墊，使GRÖNLID沙發柔軟又舒適
 可用不同方式搭配，符合你對沙發尺寸和形狀的需求；如果需要更大的沙發，可增加單人座或雙人座沙發
 KIMSTAD合成皮革椅套採用棉和聚酯纖維混紡製成，柔軟且耐用，表面有聚氨酯保護塗層，容易保持乾淨，擁有如皮革般外觀和質感
 提供10年品質保證；欲知更多細則，請參閱品質保證書
 合成皮革椅面，容易清潔；用安裝軟刷的吸塵器清理，再用濕布擦拭乾淨
 可將躺椅放在沙發的左側或右側，隨時變換座椅組合
 躺椅下方有儲物空間，蓋子可保持開啟狀態，方便拿取、收納物品"
253,LANDSKRONA,LANDSKRONA_image254.png,78.0,158.0,78.0,16900.0,"椅墊以高回彈泡棉和聚酯纖維填充，提供絕佳的舒適感
 經常接觸的椅面部分，採用柔軟的全染牛皮表面，厚度1.2公厘，質感平滑
 其餘表面採用耐用的合成皮革，呈現如皮革般外觀與質感
 提供10年品質保證；欲知更多細則，請參閱品質保證書"
254,LANDSKRONA,LANDSKRONA_image255.png,164.0,89.0,78.0,22900.0,"經常接觸的椅面部分，採用柔軟的全染牛皮表面，厚度1.2公厘，質感平滑
 提供10年品質保證；欲知更多細則，請參閱品質保證書
 椅墊以高回彈泡棉和聚酯纖維填充，提供絕佳的舒適感
 其餘表面採用耐用的合成皮革，呈現如皮革般外觀與質感"
255,VIMLE,VIMLE_image256.png,111.0,164.0,78.0,16000.0,"躺椅底下有儲物空間，蓋子可保持開啟狀態，方便拿出和放回物品
 柔軟又舒適的躺椅，經久耐用；椅墊內含高回彈泡棉，可為身體提供適當支撐，當你起身後可快速恢復原狀
 FARSTA合成皮革椅套，表面有不規則紋路，略帶光澤和平滑質感；含聚胺酯防護塗層，使椅套容易保持乾淨，呈現皮革般質感和外觀
 提供10年品質保證；欲知更多細則，請參閱品質保證書
 椅套可用濕布擦拭，常保乾淨
 搭配VIMLE頭靠墊，可延伸椅背空間，為頸部提供適當支撐，讓你坐得更舒適"
256,KIVIK,KIVIK_image257.png,318.0,163.0,83.0,54900.0,"經常接觸的椅面部分，採用高品質牛皮表面，厚度1.2公厘，經久使用更顯美觀，呈現漂亮的深色光澤
 座椅寬敞、柔軟又深，能給予背部舒適支撐
 其餘表面採用耐用的合成皮革，呈現如皮革般外觀與質感
 坐墊上層為記憶泡棉；能貼合身體曲線，起身後立即恢復原狀
 可將躺椅放在沙發的左側或右側，隨時變換座椅組合
 附可拆式扶手，方便延伸搭配一張或多張躺椅
 可單獨使用或搭配沙發
 提供10年品質保證；欲知更多細則，請參閱品質保證書"
257,VIMLE,VIMLE_image258.png,93.0,93.0,80.0,10000.0," 椅套可用濕布擦拭，常保乾淨
 FARSTA合成皮革椅套，表面有不規則紋路，略帶光澤和平滑質感；含聚胺酯防護塗層，使椅套容易保持乾淨，呈現皮革般質感和外觀
"
258,VIMLE,VIMLE_image259.png,81.0,164.0,80.0,11000.0," 椅套可用濕布擦拭，常保乾淨
 躺椅底下有儲物空間，蓋子可保持開啟狀態，方便拿出和放回物品
 FARSTA合成皮革椅套，表面有不規則紋路，略帶光澤和平滑質感；含聚胺酯防護塗層，使椅套容易保持乾淨，呈現皮革般質感和外觀
"
259,GRÖNLID,GRÖNLID_image260.png,93.0,93.0,80.0,12000.0,"合成皮革椅面，容易清潔；用安裝軟刷的吸塵器清理，再用濕布擦拭乾淨
 KIMSTAD合成皮革椅套採用棉和聚酯纖維混紡製成，柔軟且耐用，表面有聚氨酯保護塗層，容易保持乾淨，擁有如皮革般外觀和質感
 提供10年品質保證；欲知更多細則，請參閱品質保證書"
260,LIDHULT,LIDHULT_image261.png,141.0,98.0,80.0,26900.0," 含獨立筒彈簧，可提供適當支撐及貼合身形，讓你坐得舒服；椅墊頂層含纖維球，格外柔軟、舒適；高背和頸部支撐設計，可增添舒適感
"
261,LANDSKRONA,LANDSKRONA_image262.png,360.0,98.0,78.0,61700.0,"其餘表面採用耐用的合成皮革，呈現如皮革般外觀與質感
 經常接觸的椅面部分，採用柔軟的全染牛皮表面，厚度1.2公厘，質感平滑
 椅墊以高回彈泡棉和聚酯纖維填充，提供絕佳的舒適感
 可拆式扶手，方便加裝躺椅
 提供10年品質保證；欲知更多細則，請參閱品質保證書"
262,VIMLE,VIMLE_image263.png,327.0,249.0,78.0,68300.0,"可用不同方式搭配，符合你對沙發尺寸和形狀的需求；如果需要更大的沙發，可增加單人座或雙人座沙發
 底下有儲物空間，可收納小物品
 此沙發柔軟又舒適，且十分耐用，椅墊內含高回彈泡棉，為身體提供適當支撐，起身後可立即恢復原狀
 FARSTA合成皮革椅套，表面有不規則紋路，略帶光澤和平滑質感；含聚胺酯防護塗層，使椅套容易保持乾淨，呈現皮革般質感和外觀
 提供10年品質保證；欲知更多細則，請參閱品質保證書
 椅套可用濕布擦拭，常保乾淨
 搭配VIMLE頭靠墊，可延伸椅背空間，為頸部提供適當支撐，讓你坐得更舒適"
263,VIMLE,VIMLE_image264.png,327.0,249.0,78.0,68300.0,"可用不同方式搭配，符合你對沙發尺寸和形狀的需求；如果需要更大的沙發，可增加單人座或雙人座沙發
 此沙發柔軟又舒適，且十分耐用，椅墊內含高回彈泡棉，為身體提供適當支撐，起身後可立即恢復原狀
 底下有儲物空間，可收納小物品
 FARSTA合成皮革椅套，表面有不規則紋路，略帶光澤和平滑質感；含聚胺酯防護塗層，使椅套容易保持乾淨，呈現皮革般質感和外觀
 提供10年品質保證；欲知更多細則，請參閱品質保證書
 椅套可用濕布擦拭，常保乾淨
 搭配VIMLE頭靠墊，可延伸椅背空間，為頸部提供適當支撐，讓你坐得更舒適"
264,GRÖNLID,GRÖNLID_image265.png,117.0,164.0,78.0,14000.0,"躺椅下方有儲物空間，蓋子可保持開啟狀態，方便拿取、收納物品
 可用不同方式搭配，符合你對沙發尺寸和形狀的需求；如果需要更大的沙發，可增加單人座或雙人座沙發
 椅墊深，頂層含纖維球，搭配舒適靠墊，使GRÖNLID沙發柔軟又舒適
 KIMSTAD合成皮革椅套採用棉和聚酯纖維混紡製成，柔軟且耐用，表面有聚氨酯保護塗層，容易保持乾淨，擁有如皮革般外觀和質感
 提供10年品質保證；欲知更多細則，請參閱品質保證書
 合成皮革椅面，容易清潔；用安裝軟刷的吸塵器清理，再用濕布擦拭乾淨"
265,LIDHULT,LIDHULT_image266.png,117.0,98.0,78.0,63900.0,"提供10年品質保證；欲知更多細則，請參閱品質保證書
 含獨立筒彈簧，可提供適當支撐及貼合身形，讓你坐得舒服；椅墊頂層含纖維球，格外柔軟、舒適；高背和頸部支撐設計，可增添舒適感
 扶手含填充物，讓你舒服地倚靠，或躺下時讓頭靠在上面"
266,LANDSKRONA,LANDSKRONA_image267.png,78.0,158.0,78.0,16900.0,"椅墊以高回彈泡棉和聚酯纖維填充，提供絕佳的舒適感
 經常接觸的椅面部分，採用柔軟的全染牛皮表面，厚度1.2公厘，質感平滑
 其餘表面採用耐用的合成皮革，呈現如皮革般外觀與質感
 提供10年品質保證；欲知更多細則，請參閱品質保證書"
267,VALLENTUNA,VALLENTUNA_image268.png,78.0,158.0,84.0,52300.0,"VALLENTUNA系列產品皆能單獨或相互搭配，打造專屬的沙發組合
 VALLENTUNA沙發的座椅寬敞，含獨立筒彈簧，可貼合身體曲線，長久保持舒適感
 此沙發組合含1個座椅模組附儲物空間，能讓你快速收納物品，又容易拿取
 HILLARED布套以棉和聚酯纖維混紡，添加黏液嫘縈纖維和亞麻製成；堅韌耐用，表面有清晰紋路，質感柔軟又舒適
 MURUM固定式椅套以聚酯纖維製成，表面有聚氨酯保護塗層，質感柔軟又堅實，耐用又容易保養
 含一層可拆下用洗衣機清洗的布料及一層固定式合成皮革，可用濕布擦拭乾淨，使沙發容易保持乾淨
 提供10年品質保證；欲知更多細則，請參閱品質保證書"
268,GRÖNLID,GRÖNLID_image269.png,78.0,98.0,84.0,53800.0,"KIMSTAD合成皮革椅套採用棉和聚酯纖維混紡製成，柔軟且耐用，表面有聚氨酯保護塗層，容易保持乾淨，擁有如皮革般外觀和質感
 可用不同方式搭配，符合你對沙發尺寸和形狀的需求；如果需要更大的沙發，可增加單人座或雙人座沙發
 椅墊深，頂層含纖維球，搭配舒適靠墊，使GRÖNLID沙發柔軟又舒適
 可將躺椅放在沙發的左側或右側，隨時變換座椅組合
 提供10年品質保證；欲知更多細則，請參閱品質保證書
 合成皮革椅面，容易清潔；用安裝軟刷的吸塵器清理，再用濕布擦拭乾淨
 躺椅下方有儲物空間，蓋子可保持開啟狀態，方便拿取、收納物品"
269,GRÖNLID,GRÖNLID_image270.png,78.0,98.0,84.0,43800.0,"可用不同方式搭配，符合你對沙發尺寸和形狀的需求；如果需要更大的沙發，可增加單人座或雙人座沙發
 椅墊深，頂層含纖維球，搭配舒適靠墊，使GRÖNLID沙發柔軟又舒適
 LJUNGEN布套採用聚酯纖維製成，非常耐磨，表面如天鵝絨般柔軟，且略帶光澤
 椅套可拆下用洗衣機洗滌，常保乾淨
 提供10年品質保證；欲知更多細則，請參閱品質保證書"
270,LANDSKRONA,LANDSKRONA_image271.png,164.0,89.0,78.0,22900.0,"經常接觸的椅面部分，採用柔軟的全染牛皮表面，厚度1.2公厘，質感平滑
 椅墊以高回彈泡棉和聚酯纖維填充，提供絕佳的舒適感
 其餘表面採用耐用的合成皮革，呈現如皮革般外觀與質感
 提供10年品質保證；欲知更多細則，請參閱品質保證書"
271,VALLENTUNA,VALLENTUNA_image272.png,164.0,89.0,84.0,48500.0,"VALLENTUNA沙發的座椅寬敞，含獨立筒彈簧，可貼合身體曲線，長久保持舒適感
 VALLENTUNA系列產品皆能單獨或相互搭配，打造專屬的沙發組合
 此沙發組合含1個座椅模組附儲物空間，能讓你快速收納物品，又容易拿取
 ORRSTA布套以棉和聚酯纖維混紡製成，略帶紋路，質感柔軟又舒適；紗染布料具有深淺同色效果及純潔、沉靜風格
 提供10年品質保證；欲知更多細則，請參閱品質保證書
 MURUM固定式椅套以聚酯纖維製成，表面有聚氨酯保護塗層，質感柔軟又堅實，耐用又容易保養
 含一層可拆下用洗衣機清洗的布料及一層固定式合成皮革，可用濕布擦拭乾淨，使沙發容易保持乾淨"
272,LANDSKRONA,LANDSKRONA_image273.png,242.0,89.0,78.0,39800.0,"經常接觸的椅面部分，採用柔軟的全染牛皮表面，厚度1.2公厘，質感平滑
 提供10年品質保證；欲知更多細則，請參閱品質保證書
 可拆式扶手，方便加裝躺椅
 椅墊以高回彈泡棉和聚酯纖維填充，提供絕佳的舒適感
 其餘表面採用耐用的合成皮革，呈現如皮革般外觀與質感"
273,LANDSKRONA,LANDSKRONA_image274.png,242.0,89.0,78.0,39800.0,"經常接觸的椅面部分，採用柔軟的全染牛皮表面，厚度1.2公厘，質感平滑
 提供10年品質保證；欲知更多細則，請參閱品質保證書
 可拆式扶手，方便加裝躺椅
 椅墊以高回彈泡棉和聚酯纖維填充，提供絕佳的舒適感
 其餘表面採用耐用的合成皮革，呈現如皮革般外觀與質感"
274,LIDHULT,LIDHULT_image275.png,349.0,98.0,78.0,59000.0,"扶手含填充物，讓你舒服地倚靠，或躺下時讓頭靠在上面
 含獨立筒彈簧，可提供適當支撐及貼合身形，讓你坐得舒服；椅墊頂層含纖維球，格外柔軟、舒適；高背和頸部支撐設計，可增添舒適感
 躺椅下方有儲物空間，蓋子可保持開啟狀態，方便拿取、收納物品
 提供10年品質保證；欲知更多細則，請參閱品質保證書"
275,VALLENTUNA,VALLENTUNA_image276.png,266.0,98.0,84.0,33900.0,"含2個座椅模組附儲物空間，能讓你快速收納物品，也方便拿取
 VALLENTUNA系列產品皆能單獨或相互搭配，打造專屬的沙發組合
 VALLENTUNA沙發的座椅寬敞，含獨立筒彈簧，可貼合身體曲線，長久保持舒適感
 提供10年品質保證；欲知更多細則，請參閱品質保證書
 ORRSTA布套以棉和聚酯纖維混紡製成，略帶紋路，質感柔軟又舒適；紗染布料具有深淺同色效果及純潔、沉靜風格
 MURUM固定式椅套以聚酯纖維製成，表面有聚氨酯保護塗層，質感柔軟又堅實，耐用又容易保養
 含一層可拆下用洗衣機清洗的布料及一層固定式合成皮革，可用濕布擦拭乾淨，使沙發容易保持乾淨"
276,LIDHULT,LIDHULT_image277.png,259.0,98.0,84.0,39000.0,"提供10年品質保證；欲知更多細則，請參閱品質保證書
 含獨立筒彈簧，可提供適當支撐及貼合身形，讓你坐得舒服；椅墊頂層含纖維球，格外柔軟、舒適；高背和頸部支撐設計，可增添舒適感
 扶手含填充物，讓你舒服地倚靠，或躺下時讓頭靠在上面"
277,VALLENTUNA,VALLENTUNA_image278.png,259.0,98.0,84.0,52300.0,"此沙發組合含1個座椅模組附儲物空間，能讓你快速收納物品，又容易拿取
 VALLENTUNA系列產品皆能單獨或相互搭配，打造專屬的沙發組合
 VALLENTUNA沙發的座椅寬敞，含獨立筒彈簧，可貼合身體曲線，長久保持舒適感
 HILLARED布套以棉和聚酯纖維混紡，添加黏液嫘縈纖維和亞麻製成；堅韌耐用，表面有清晰紋路，質感柔軟又舒適
 MURUM固定式椅套以聚酯纖維製成，表面有聚氨酯保護塗層，質感柔軟又堅實，耐用又容易保養
 含一層可拆下用洗衣機清洗的布料及一層固定式合成皮革，可用濕布擦拭乾淨，使沙發容易保持乾淨
 提供10年品質保證；欲知更多細則，請參閱品質保證書"
278,GRÖNLID,GRÖNLID_image279.png,327.0,252.0,84.0,74700.0,"可用不同方式搭配，符合你對沙發尺寸和形狀的需求；如果需要更大的沙發，可增加單人座或雙人座沙發
 椅墊深，頂層含纖維球，搭配舒適靠墊，使GRÖNLID沙發柔軟又舒適
 KIMSTAD合成皮革椅套採用棉和聚酯纖維混紡製成，柔軟且耐用，表面有聚氨酯保護塗層，容易保持乾淨，擁有如皮革般外觀和質感
 合成皮革椅面，容易清潔；用安裝軟刷的吸塵器清理，再用濕布擦拭乾淨
 底下有儲物空間，可收納小物品
 提供10年品質保證；欲知更多細則，請參閱品質保證書"
279,VALLENTUNA,VALLENTUNA_image280.png,327.0,252.0,84.0,57700.0,"VALLENTUNA沙發的座椅寬敞，含獨立筒彈簧，可貼合身體曲線，長久保持舒適感
 VALLENTUNA系列產品皆能單獨或相互搭配，打造專屬的沙發組合
 此沙發組合含1個座椅模組附儲物空間，能讓你快速收納物品，又容易拿取
 MURUM固定式椅套以聚酯纖維製成，表面有聚氨酯保護塗層，質感柔軟又堅實，耐用又容易保養
 ORRSTA布套以棉和聚酯纖維混紡製成，略帶紋路，質感柔軟又舒適；紗染布料具有深淺同色效果及純潔、沉靜風格
 提供10年品質保證；欲知更多細則，請參閱品質保證書
 含一層可拆下用洗衣機清洗的布料及一層固定式合成皮革，可用濕布擦拭乾淨，使沙發容易保持乾淨"
280,VALLENTUNA,VALLENTUNA_image281.png,266.0,252.0,84.0,36000.0,"VALLENTUNA沙發的座椅寬敞，含獨立筒彈簧，可貼合身體曲線，長久保持舒適感
 VALLENTUNA系列產品皆能單獨或相互搭配，打造專屬的沙發組合
 含2個座椅模組附儲物空間，能讓你快速收納物品，也方便拿取
 提供10年品質保證；欲知更多細則，請參閱品質保證書
 ORRSTA布套以棉和聚酯纖維混紡製成，略帶紋路，質感柔軟又舒適；紗染布料具有深淺同色效果及純潔、沉靜風格
 MURUM固定式椅套以聚酯纖維製成，表面有聚氨酯保護塗層，質感柔軟又堅實，耐用又容易保養
 含一層可拆下用洗衣機清洗的布料及一層固定式合成皮革，可用濕布擦拭乾淨，使沙發容易保持乾淨"
281,LIDHULT,LIDHULT_image282.png,211.0,98.0,84.0,32000.0," 含獨立筒彈簧，可提供適當支撐及貼合身形，讓你坐得舒服；椅墊頂層含纖維球，格外柔軟、舒適；高背和頸部支撐設計，可增添舒適感
"
282,VALLENTUNA,VALLENTUNA_image283.png,211.0,98.0,84.0,57700.0,"此沙發組合含1個座椅模組附儲物空間，能讓你快速收納物品，又容易拿取
 VALLENTUNA系列產品皆能單獨或相互搭配，打造專屬的沙發組合
 VALLENTUNA沙發的座椅寬敞，含獨立筒彈簧，可貼合身體曲線，長久保持舒適感
 MURUM固定式椅套以聚酯纖維製成，表面有聚氨酯保護塗層，質感柔軟又堅實，耐用又容易保養
 ORRSTA布套以棉和聚酯纖維混紡製成，略帶紋路，質感柔軟又舒適；紗染布料具有深淺同色效果及純潔、沉靜風格
 含一層可拆下用洗衣機清洗的布料及一層固定式合成皮革，可用濕布擦拭乾淨，使沙發容易保持乾淨
 提供10年品質保證；欲知更多細則，請參閱品質保證書"
283,VALLENTUNA,VALLENTUNA_image284.png,211.0,98.0,84.0,48500.0,"此沙發組合含1個座椅模組附儲物空間，能讓你快速收納物品，又容易拿取
 VALLENTUNA系列產品皆能單獨或相互搭配，打造專屬的沙發組合
 VALLENTUNA沙發的座椅寬敞，含獨立筒彈簧，可貼合身體曲線，長久保持舒適感
 ORRSTA布套以棉和聚酯纖維混紡製成，略帶紋路，質感柔軟又舒適；紗染布料具有深淺同色效果及純潔、沉靜風格
 MURUM固定式椅套以聚酯纖維製成，表面有聚氨酯保護塗層，質感柔軟又堅實，耐用又容易保養
 含一層可拆下用洗衣機清洗的布料及一層固定式合成皮革，可用濕布擦拭乾淨，使沙發容易保持乾淨
 提供10年品質保證；欲知更多細則，請參閱品質保證書"
284,LANDSKRONA,LANDSKRONA_image285.png,164.0,89.0,78.0,22900.0,"其餘表面採用耐用的合成皮革，呈現如皮革般外觀與質感
 經常接觸的椅面部分，採用柔軟的全染牛皮表面，厚度1.2公厘，質感平滑
 椅墊以高回彈泡棉和聚酯纖維填充，提供絕佳的舒適感
 提供10年品質保證；欲知更多細則，請參閱品質保證書"
285,LANDSKRONA,LANDSKRONA_image286.png,164.0,89.0,78.0,27900.0,"其餘表面採用耐用的合成皮革，呈現如皮革般外觀與質感
 經常接觸的椅面部分，採用柔軟的全染牛皮表面，厚度1.2公厘，質感平滑
 椅墊以高回彈泡棉和聚酯纖維填充，提供絕佳的舒適感
 提供10年品質保證；欲知更多細則，請參閱品質保證書"
286,LANDSKRONA,LANDSKRONA_image287.png,204.0,89.0,78.0,27900.0,"其餘表面採用耐用的合成皮革，呈現如皮革般外觀與質感
 經常接觸的椅面部分，採用柔軟的全染牛皮表面，厚度1.2公厘，質感平滑
 椅墊以高回彈泡棉和聚酯纖維填充，提供絕佳的舒適感
 提供10年品質保證；欲知更多細則，請參閱品質保證書"
287,LANDSKRONA,LANDSKRONA_image288.png,242.0,89.0,78.0,39800.0,"可拆式扶手，方便加裝躺椅
 提供10年品質保證；欲知更多細則，請參閱品質保證書
 經常接觸的椅面部分，採用柔軟的全染牛皮表面，厚度1.2公厘，質感平滑
 椅墊以高回彈泡棉和聚酯纖維填充，提供絕佳的舒適感
 其餘表面採用耐用的合成皮革，呈現如皮革般外觀與質感"
288,HEMLINGBY,HEMLINGBY_image289.png,145.0,715.0,715.0,4490.0," 椅套可用濕布擦拭，常保乾淨
 精巧外形，容易搭配佈置，適合小空間使用
"
289,LANDSKRONA,LANDSKRONA_image290.png,204.0,89.0,78.0,27900.0,"其餘表面採用耐用的合成皮革，呈現如皮革般外觀與質感
 經常接觸的椅面部分，採用柔軟的全染牛皮表面，厚度1.2公厘，質感平滑
 椅墊以高回彈泡棉和聚酯纖維填充，提供絕佳的舒適感
 提供10年品質保證；欲知更多細則，請參閱品質保證書"
290,LANDSKRONA,LANDSKRONA_image291.png,204.0,89.0,78.0,27900.0,"經常接觸的椅面部分，採用柔軟的全染牛皮表面，厚度1.2公厘，質感平滑
 其餘表面採用耐用的合成皮革，呈現如皮革般外觀與質感
 椅墊以高回彈泡棉和聚酯纖維填充，提供絕佳的舒適感
 提供10年品質保證；欲知更多細則，請參閱品質保證書"
291,LANDSKRONA,LANDSKRONA_image292.png,204.0,89.0,78.0,27900.0,"其餘表面採用耐用的合成皮革，呈現如皮革般外觀與質感
 經常接觸的椅面部分，採用柔軟的全染牛皮表面，厚度1.2公厘，質感平滑
 椅墊以高回彈泡棉和聚酯纖維填充，提供絕佳的舒適感
 可拆式扶手，方便加裝躺椅
 提供10年品質保證；欲知更多細則，請參閱品質保證書"
292,LANDSKRONA,LANDSKRONA_image293.png,204.0,89.0,78.0,27900.0,"椅墊以高回彈泡棉和聚酯纖維填充，提供絕佳的舒適感
 經常接觸的椅面部分，採用柔軟的全染牛皮表面，厚度1.2公厘，質感平滑
 其餘表面採用耐用的合成皮革，呈現如皮革般外觀與質感
 可拆式扶手，方便加裝躺椅
 提供10年品質保證；欲知更多細則，請參閱品質保證書"
293,KIVIK,KIVIK_image294.png,90.0,163.0,83.0,20000.0,"其餘表面採用耐用的合成皮革，呈現如皮革般外觀與質感
 座椅寬敞、柔軟又深，能給予背部舒適支撐
 經常接觸的椅面部分，採用高品質牛皮表面，厚度1.2公厘，經久使用更顯美觀，呈現漂亮的深色光澤
 可單獨使用或搭配沙發
 經常接觸的椅面部分，採用柔軟、光滑的GRANN牛皮表面，堅韌耐用，呈現自然變化；其他表面採用BOMSTAD合成皮革，呈現如皮革般外觀與質感
 坐墊頂層為記憶泡棉，能貼合身體曲線，起身後即可恢復原狀
 提供10年品質保證；欲知更多細則，請參閱品質保證書"
294,SKOGABY,SKOGABY_image295.png,203.0,85.0,80.0,19900.0,"經常接觸的椅面部分，採用柔軟的全染牛皮表面，厚度1.2公厘，質感平滑
 提供10年品質保證；欲知更多細則，請參閱品質保證書
 椅墊以高回彈泡棉和聚酯纖維填充，提供絕佳的舒適感
 其餘表面採用耐用的合成皮革，呈現如皮革般外觀與質感"
295,HEMLINGBY,HEMLINGBY_image296.png,145.0,715.0,715.0,4490.0," 精巧外形，容易搭配佈置，適合小空間使用
 椅套可用濕布擦拭，常保乾淨
"
296,KLIPPAN,KLIPPAN_image297.png,177.0,88.0,66.0,9990.0,"提供10年品質保證；欲知更多細則，請參閱品質保證書
 布套可用海綿沾水或溫和清潔劑擦拭，容易保持乾淨"
297,VALLENTUNA,VALLENTUNA_image298.png,80.0,100.0,45.0,7000.0,"VALLENTUNA系列產品皆能單獨或相互搭配，打造專屬的沙發組合
 VALLENTUNA沙發的座椅寬敞，含獨立筒彈簧，可貼合身體曲線，長久保持舒適感
 MURUM固定式椅套以聚酯纖維製成，表面有聚氨酯保護塗層，質感柔軟又堅實，耐用又容易保養
 提供10年品質保證；欲知更多細則，請參閱品質保證書
 椅套可用濕布擦拭，常保乾淨"
298,VIMLE,VIMLE_image299.png,70.0,13.0,20.0,1190.0," 椅套可用濕布擦拭，常保乾淨
 可延伸VIMLE沙發的椅背空間，讓你坐得更舒適，為頸部提供適當支撐
 FARSTA合成皮革椅套，表面有不規則紋路，略帶光澤和平滑質感；含聚胺酯防護塗層，使椅套容易保持乾淨，呈現皮革般質感和外觀
"